subject,task_id,trial_id,actual,fold,prediction,correct,group
6,20,1,forward,1,forward,True,direction
6,20,2,forward,1,forward,True,direction
6,20,3,forward,1,forward,True,direction
6,20,4,forward,1,forward,True,direction
6,20,5,forward,1,forward,True,direction
6,21,1,backward,1,backward,True,direction
6,21,2,backward,1,backward,True,direction
6,21,3,backward,1,backward,True,direction
6,21,4,backward,1,backward,True,direction
6,22,1,lateral,1,lateral,True,direction
6,22,2,lateral,1,lateral,True,direction
6,22,3,lateral,1,lateral,True,direction
6,22,4,lateral,1,lateral,True,direction
6,22,5,lateral,1,lateral,True,direction
6,23,1,forward,1,forward,True,direction
6,23,2,forward,1,forward,True,direction
6,23,3,forward,1,forward,True,direction
6,23,4,forward,1,forward,True,direction
6,23,5,forward,1,forward,True,direction
6,24,1,lateral,1,lateral,True,direction
6,24,2,lateral,1,lateral,True,direction
6,24,3,lateral,1,lateral,True,direction
6,24,4,lateral,1,lateral,True,direction
6,24,5,lateral,1,lateral,True,direction
6,25,2,forward,1,forward,True,direction
6,25,3,forward,1,forward,True,direction
6,25,4,forward,1,forward,True,direction
6,25,5,forward,1,forward,True,direction
6,26,1,lateral,1,lateral,True,direction
6,26,2,lateral,1,lateral,True,direction
6,26,3,lateral,1,lateral,True,direction
6,26,4,lateral,1,lateral,True,direction
6,26,5,lateral,1,lateral,True,direction
6,27,4,backward,1,backward,True,direction
6,28,1,forward,1,forward,True,direction
6,28,2,forward,1,forward,True,direction
6,28,3,forward,1,forward,True,direction
6,28,4,forward,1,forward,True,direction
6,28,5,forward,1,forward,True,direction
6,29,1,unspecified,1,unspecified,True,direction
6,29,2,unspecified,1,unspecified,True,direction
6,29,3,unspecified,1,unspecified,True,direction
6,29,4,unspecified,1,unspecified,True,direction
6,30,1,forward,1,forward,True,direction
6,30,2,forward,1,forward,True,direction
6,30,3,forward,1,forward,True,direction
6,30,4,forward,1,forward,True,direction
6,30,5,forward,1,forward,True,direction
6,31,1,forward,1,forward,True,direction
6,31,2,forward,1,forward,True,direction
6,31,3,forward,1,forward,True,direction
6,31,4,forward,1,forward,True,direction
6,31,5,forward,1,forward,True,direction
6,32,1,forward,1,forward,True,direction
6,32,2,forward,1,forward,True,direction
6,32,3,forward,1,forward,True,direction
6,32,4,forward,1,forward,True,direction
6,32,5,forward,1,forward,True,direction
6,33,1,lateral,1,lateral,True,direction
6,33,2,lateral,1,lateral,True,direction
6,33,4,lateral,1,forward,False,direction
6,33,5,lateral,1,lateral,True,direction
6,34,1,backward,1,backward,True,direction
6,34,2,backward,1,backward,True,direction
6,34,3,backward,1,backward,True,direction
6,34,4,backward,1,backward,True,direction
6,34,5,backward,1,backward,True,direction
8,20,2,forward,1,forward,True,direction
8,20,3,forward,1,forward,True,direction
8,20,4,forward,1,forward,True,direction
8,20,5,forward,1,forward,True,direction
8,21,1,backward,1,backward,True,direction
8,21,2,backward,1,backward,True,direction
8,21,3,backward,1,backward,True,direction
8,21,4,backward,1,backward,True,direction
8,21,5,backward,1,backward,True,direction
8,22,1,lateral,1,lateral,True,direction
8,22,2,lateral,1,lateral,True,direction
8,22,3,lateral,1,lateral,True,direction
8,22,4,lateral,1,lateral,True,direction
8,22,5,lateral,1,lateral,True,direction
8,23,1,forward,1,forward,True,direction
8,23,2,forward,1,forward,True,direction
8,23,3,forward,1,forward,True,direction
8,23,4,forward,1,forward,True,direction
8,23,5,forward,1,forward,True,direction
8,24,1,lateral,1,lateral,True,direction
8,24,2,lateral,1,lateral,True,direction
8,24,3,lateral,1,lateral,True,direction
8,24,4,lateral,1,lateral,True,direction
8,24,5,lateral,1,lateral,True,direction
8,25,1,forward,1,forward,True,direction
8,25,2,forward,1,forward,True,direction
8,25,3,forward,1,forward,True,direction
8,25,4,forward,1,forward,True,direction
8,25,5,forward,1,forward,True,direction
8,26,1,lateral,1,lateral,True,direction
8,26,2,lateral,1,lateral,True,direction
8,26,3,lateral,1,lateral,True,direction
8,26,4,lateral,1,lateral,True,direction
8,26,5,lateral,1,lateral,True,direction
8,27,1,backward,1,backward,True,direction
8,27,2,backward,1,backward,True,direction
8,27,3,backward,1,backward,True,direction
8,27,4,backward,1,backward,True,direction
8,27,5,backward,1,backward,True,direction
8,28,1,forward,1,forward,True,direction
8,28,2,forward,1,forward,True,direction
8,28,3,forward,1,forward,True,direction
8,28,4,forward,1,forward,True,direction
8,28,5,forward,1,forward,True,direction
8,29,1,unspecified,1,unspecified,True,direction
8,29,2,unspecified,1,unspecified,True,direction
8,29,3,unspecified,1,unspecified,True,direction
8,29,4,unspecified,1,unspecified,True,direction
8,29,5,unspecified,1,unspecified,True,direction
8,30,1,forward,1,forward,True,direction
8,30,2,forward,1,forward,True,direction
8,30,3,forward,1,forward,True,direction
8,30,4,forward,1,forward,True,direction
8,30,5,forward,1,forward,True,direction
8,31,1,forward,1,forward,True,direction
8,31,2,forward,1,forward,True,direction
8,31,3,forward,1,forward,True,direction
8,31,4,forward,1,forward,True,direction
8,31,5,forward,1,forward,True,direction
8,32,1,forward,1,forward,True,direction
8,32,2,forward,1,forward,True,direction
8,32,3,forward,1,forward,True,direction
8,32,4,forward,1,forward,True,direction
8,32,5,forward,1,forward,True,direction
8,33,1,lateral,1,lateral,True,direction
8,33,2,lateral,1,lateral,True,direction
8,33,3,lateral,1,lateral,True,direction
8,33,4,lateral,1,lateral,True,direction
8,33,5,lateral,1,lateral,True,direction
8,34,1,backward,1,backward,True,direction
8,34,2,backward,1,backward,True,direction
8,34,4,backward,1,backward,True,direction
8,34,5,backward,1,backward,True,direction
14,20,1,forward,1,forward,True,direction
14,20,2,forward,1,forward,True,direction
14,20,3,forward,1,forward,True,direction
14,20,4,forward,1,forward,True,direction
14,20,5,forward,1,forward,True,direction
14,21,1,backward,1,backward,True,direction
14,21,2,backward,1,backward,True,direction
14,21,3,backward,1,backward,True,direction
14,21,4,backward,1,backward,True,direction
14,21,5,backward,1,backward,True,direction
14,22,1,lateral,1,lateral,True,direction
14,22,2,lateral,1,lateral,True,direction
14,22,3,lateral,1,lateral,True,direction
14,22,4,lateral,1,lateral,True,direction
14,22,5,lateral,1,lateral,True,direction
14,23,1,forward,1,forward,True,direction
14,23,2,forward,1,forward,True,direction
14,23,3,forward,1,forward,True,direction
14,23,4,forward,1,forward,True,direction
14,23,5,forward,1,forward,True,direction
14,24,1,lateral,1,lateral,True,direction
14,24,2,lateral,1,lateral,True,direction
14,24,3,lateral,1,lateral,True,direction
14,24,4,lateral,1,lateral,True,direction
14,24,5,lateral,1,lateral,True,direction
14,25,2,forward,1,forward,True,direction
14,25,3,forward,1,forward,True,direction
14,25,4,forward,1,forward,True,direction
14,25,5,forward,1,forward,True,direction
14,26,1,lateral,1,lateral,True,direction
14,27,1,backward,1,unspecified,False,direction
14,27,2,backward,1,backward,True,direction
14,27,3,backward,1,backward,True,direction
14,28,1,forward,1,forward,True,direction
14,28,2,forward,1,forward,True,direction
14,28,3,forward,1,forward,True,direction
14,28,4,forward,1,forward,True,direction
14,28,5,forward,1,forward,True,direction
14,29,1,unspecified,1,unspecified,True,direction
14,29,3,unspecified,1,unspecified,True,direction
14,29,4,unspecified,1,unspecified,True,direction
14,29,5,unspecified,1,unspecified,True,direction
14,30,1,forward,1,forward,True,direction
14,30,2,forward,1,forward,True,direction
14,30,3,forward,1,forward,True,direction
14,30,4,forward,1,forward,True,direction
14,30,5,forward,1,forward,True,direction
14,31,2,forward,1,forward,True,direction
14,31,3,forward,1,forward,True,direction
14,31,4,forward,1,forward,True,direction
14,31,5,forward,1,forward,True,direction
14,32,1,forward,1,forward,True,direction
14,32,2,forward,1,forward,True,direction
14,32,3,forward,1,forward,True,direction
14,32,4,forward,1,forward,True,direction
14,32,5,forward,1,forward,True,direction
14,33,1,lateral,1,lateral,True,direction
14,33,2,lateral,1,lateral,True,direction
14,33,3,lateral,1,lateral,True,direction
14,33,4,lateral,1,lateral,True,direction
14,33,5,lateral,1,lateral,True,direction
14,34,1,backward,1,unspecified,False,direction
14,34,2,backward,1,backward,True,direction
14,34,3,backward,1,backward,True,direction
14,34,4,backward,1,backward,True,direction
14,34,5,backward,1,backward,True,direction
16,20,1,forward,1,forward,True,direction
16,20,2,forward,1,forward,True,direction
16,20,3,forward,1,forward,True,direction
16,20,4,forward,1,forward,True,direction
16,20,5,forward,1,forward,True,direction
16,21,1,backward,1,backward,True,direction
16,21,2,backward,1,backward,True,direction
16,21,3,backward,1,backward,True,direction
16,21,4,backward,1,backward,True,direction
16,21,5,backward,1,backward,True,direction
16,22,1,lateral,1,lateral,True,direction
16,22,2,lateral,1,lateral,True,direction
16,22,3,lateral,1,lateral,True,direction
16,22,4,lateral,1,lateral,True,direction
16,22,5,lateral,1,lateral,True,direction
16,23,1,forward,1,forward,True,direction
16,23,2,forward,1,forward,True,direction
16,23,3,forward,1,forward,True,direction
16,23,4,forward,1,forward,True,direction
16,23,5,forward,1,forward,True,direction
16,24,1,lateral,1,lateral,True,direction
16,24,2,lateral,1,lateral,True,direction
16,24,3,lateral,1,lateral,True,direction
16,24,4,lateral,1,lateral,True,direction
16,24,5,lateral,1,lateral,True,direction
16,25,1,forward,1,forward,True,direction
16,25,2,forward,1,forward,True,direction
16,25,3,forward,1,forward,True,direction
16,25,4,forward,1,forward,True,direction
16,25,5,forward,1,forward,True,direction
16,26,1,backward,1,lateral,False,direction
16,26,2,backward,1,lateral,False,direction
16,26,3,backward,1,lateral,False,direction
16,26,4,backward,1,lateral,False,direction
16,26,5,backward,1,lateral,False,direction
16,27,1,lateral,1,backward,False,direction
16,27,2,lateral,1,backward,False,direction
16,27,3,lateral,1,backward,False,direction
16,27,4,lateral,1,backward,False,direction
16,27,5,lateral,1,backward,False,direction
16,28,1,forward,1,forward,True,direction
16,28,2,forward,1,forward,True,direction
16,28,3,forward,1,forward,True,direction
16,28,4,forward,1,forward,True,direction
16,28,5,forward,1,forward,True,direction
16,29,1,unspecified,1,backward,False,direction
16,29,2,unspecified,1,unspecified,True,direction
16,29,3,unspecified,1,unspecified,True,direction
16,29,4,unspecified,1,unspecified,True,direction
16,29,5,unspecified,1,unspecified,True,direction
16,30,1,forward,1,forward,True,direction
16,30,2,forward,1,forward,True,direction
16,30,3,forward,1,forward,True,direction
16,30,4,forward,1,forward,True,direction
16,30,5,forward,1,forward,True,direction
16,31,1,forward,1,forward,True,direction
16,31,2,forward,1,forward,True,direction
16,31,3,forward,1,forward,True,direction
16,31,4,forward,1,forward,True,direction
16,31,5,forward,1,forward,True,direction
16,32,1,forward,1,forward,True,direction
16,32,2,forward,1,forward,True,direction
16,32,3,forward,1,forward,True,direction
16,32,4,forward,1,forward,True,direction
16,32,5,forward,1,forward,True,direction
16,33,1,lateral,1,lateral,True,direction
16,33,2,lateral,1,lateral,True,direction
16,33,3,lateral,1,lateral,True,direction
16,33,4,lateral,1,lateral,True,direction
16,33,5,lateral,1,lateral,True,direction
16,34,1,backward,1,backward,True,direction
16,34,2,backward,1,backward,True,direction
16,34,3,backward,1,backward,True,direction
16,34,4,backward,1,backward,True,direction
16,34,5,backward,1,backward,True,direction
22,20,1,forward,1,forward,True,direction
22,20,2,forward,1,forward,True,direction
22,20,3,forward,1,forward,True,direction
22,20,4,forward,1,forward,True,direction
22,20,5,forward,1,forward,True,direction
22,21,1,backward,1,backward,True,direction
22,21,2,backward,1,backward,True,direction
22,21,3,backward,1,backward,True,direction
22,21,4,backward,1,backward,True,direction
22,21,5,backward,1,backward,True,direction
22,22,1,lateral,1,lateral,True,direction
22,22,2,lateral,1,lateral,True,direction
22,22,3,lateral,1,lateral,True,direction
22,22,4,lateral,1,lateral,True,direction
22,22,5,lateral,1,lateral,True,direction
22,23,1,forward,1,forward,True,direction
22,23,2,forward,1,forward,True,direction
22,23,3,forward,1,forward,True,direction
22,23,4,forward,1,forward,True,direction
22,23,5,forward,1,forward,True,direction
22,24,1,lateral,1,lateral,True,direction
22,24,2,lateral,1,lateral,True,direction
22,24,3,lateral,1,lateral,True,direction
22,24,4,lateral,1,lateral,True,direction
22,24,5,lateral,1,lateral,True,direction
22,25,1,forward,1,forward,True,direction
22,25,2,forward,1,forward,True,direction
22,25,3,forward,1,forward,True,direction
22,25,4,forward,1,forward,True,direction
22,25,5,forward,1,forward,True,direction
22,26,1,lateral,1,lateral,True,direction
22,26,2,lateral,1,lateral,True,direction
22,26,3,lateral,1,lateral,True,direction
22,26,4,lateral,1,lateral,True,direction
22,26,5,lateral,1,lateral,True,direction
22,27,1,backward,1,backward,True,direction
22,27,2,backward,1,backward,True,direction
22,27,3,backward,1,backward,True,direction
22,27,4,backward,1,backward,True,direction
22,27,5,backward,1,backward,True,direction
22,28,1,forward,1,forward,True,direction
22,28,2,forward,1,forward,True,direction
22,28,4,forward,1,forward,True,direction
22,28,5,forward,1,forward,True,direction
22,29,1,unspecified,1,unspecified,True,direction
22,29,2,unspecified,1,unspecified,True,direction
22,29,3,unspecified,1,unspecified,True,direction
22,29,4,unspecified,1,unspecified,True,direction
22,29,5,unspecified,1,unspecified,True,direction
22,30,1,forward,1,forward,True,direction
22,30,2,forward,1,forward,True,direction
22,30,3,forward,1,forward,True,direction
22,30,4,forward,1,forward,True,direction
22,30,5,forward,1,forward,True,direction
22,31,1,forward,1,forward,True,direction
22,31,2,forward,1,forward,True,direction
22,31,3,forward,1,forward,True,direction
22,31,4,forward,1,forward,True,direction
22,32,1,forward,1,forward,True,direction
22,32,2,forward,1,forward,True,direction
22,32,3,forward,1,forward,True,direction
22,32,4,forward,1,forward,True,direction
22,32,5,forward,1,forward,True,direction
22,33,1,lateral,1,lateral,True,direction
22,33,2,lateral,1,lateral,True,direction
22,33,3,lateral,1,lateral,True,direction
22,33,4,lateral,1,lateral,True,direction
22,33,5,lateral,1,lateral,True,direction
22,34,1,backward,1,backward,True,direction
22,34,2,backward,1,backward,True,direction
22,34,3,backward,1,backward,True,direction
22,34,4,backward,1,backward,True,direction
22,34,5,backward,1,backward,True,direction
29,20,1,forward,1,forward,True,direction
29,20,2,forward,1,forward,True,direction
29,20,3,forward,1,forward,True,direction
29,20,4,forward,1,forward,True,direction
29,20,5,forward,1,forward,True,direction
29,21,1,backward,1,backward,True,direction
29,21,2,backward,1,backward,True,direction
29,21,3,backward,1,backward,True,direction
29,21,4,backward,1,backward,True,direction
29,21,5,backward,1,backward,True,direction
29,22,1,lateral,1,lateral,True,direction
29,22,2,lateral,1,lateral,True,direction
29,22,3,lateral,1,lateral,True,direction
29,22,4,lateral,1,lateral,True,direction
29,22,5,lateral,1,lateral,True,direction
29,23,1,forward,1,forward,True,direction
29,23,2,forward,1,forward,True,direction
29,23,3,forward,1,forward,True,direction
29,23,4,forward,1,forward,True,direction
29,23,5,forward,1,forward,True,direction
29,24,1,lateral,1,lateral,True,direction
29,24,2,lateral,1,lateral,True,direction
29,24,3,lateral,1,lateral,True,direction
29,24,5,lateral,1,lateral,True,direction
29,25,1,forward,1,forward,True,direction
29,25,2,forward,1,forward,True,direction
29,25,3,forward,1,forward,True,direction
29,25,4,forward,1,forward,True,direction
29,25,5,forward,1,forward,True,direction
29,26,1,lateral,1,lateral,True,direction
29,26,2,lateral,1,lateral,True,direction
29,26,3,lateral,1,lateral,True,direction
29,26,4,lateral,1,lateral,True,direction
29,26,5,lateral,1,lateral,True,direction
29,27,1,backward,1,backward,True,direction
29,27,2,backward,1,backward,True,direction
29,27,3,backward,1,backward,True,direction
29,27,4,backward,1,backward,True,direction
29,27,5,backward,1,backward,True,direction
29,28,1,forward,1,forward,True,direction
29,28,2,forward,1,forward,True,direction
29,28,3,forward,1,forward,True,direction
29,28,4,forward,1,forward,True,direction
29,28,5,forward,1,forward,True,direction
29,29,1,unspecified,1,unspecified,True,direction
29,29,2,unspecified,1,unspecified,True,direction
29,29,3,unspecified,1,unspecified,True,direction
29,29,4,unspecified,1,unspecified,True,direction
29,29,5,unspecified,1,unspecified,True,direction
29,30,1,forward,1,forward,True,direction
29,30,2,forward,1,forward,True,direction
29,30,3,forward,1,forward,True,direction
29,30,4,forward,1,forward,True,direction
29,30,5,forward,1,forward,True,direction
29,31,1,forward,1,forward,True,direction
29,31,2,forward,1,forward,True,direction
29,31,3,forward,1,forward,True,direction
29,31,4,forward,1,forward,True,direction
29,31,5,forward,1,forward,True,direction
29,32,1,forward,1,forward,True,direction
29,32,2,forward,1,forward,True,direction
29,32,3,forward,1,forward,True,direction
29,32,4,forward,1,forward,True,direction
29,32,5,forward,1,forward,True,direction
29,33,1,lateral,1,lateral,True,direction
29,33,2,lateral,1,lateral,True,direction
29,33,3,lateral,1,lateral,True,direction
29,33,4,lateral,1,lateral,True,direction
29,33,5,lateral,1,lateral,True,direction
29,34,1,backward,1,backward,True,direction
29,34,2,backward,1,backward,True,direction
29,34,3,backward,1,backward,True,direction
29,34,4,backward,1,backward,True,direction
29,34,5,backward,1,backward,True,direction
36,20,1,forward,1,forward,True,direction
36,20,2,forward,1,forward,True,direction
36,20,3,forward,1,forward,True,direction
36,20,4,forward,1,forward,True,direction
36,20,5,forward,1,forward,True,direction
36,21,1,backward,1,backward,True,direction
36,21,2,backward,1,backward,True,direction
36,21,3,backward,1,backward,True,direction
36,21,4,backward,1,backward,True,direction
36,21,5,backward,1,backward,True,direction
36,22,1,lateral,1,lateral,True,direction
36,22,2,lateral,1,lateral,True,direction
36,22,3,lateral,1,lateral,True,direction
36,22,4,lateral,1,lateral,True,direction
36,22,5,lateral,1,lateral,True,direction
36,23,1,forward,1,forward,True,direction
36,23,2,forward,1,forward,True,direction
36,23,3,forward,1,forward,True,direction
36,23,4,forward,1,forward,True,direction
36,23,5,forward,1,forward,True,direction
36,24,1,lateral,1,lateral,True,direction
36,24,2,lateral,1,lateral,True,direction
36,24,3,lateral,1,lateral,True,direction
36,24,4,lateral,1,lateral,True,direction
36,24,5,lateral,1,lateral,True,direction
36,25,1,forward,1,forward,True,direction
36,25,2,forward,1,forward,True,direction
36,25,3,forward,1,forward,True,direction
36,25,4,forward,1,forward,True,direction
36,25,5,forward,1,forward,True,direction
36,26,1,lateral,1,lateral,True,direction
36,26,2,lateral,1,lateral,True,direction
36,26,3,lateral,1,lateral,True,direction
36,26,4,lateral,1,lateral,True,direction
36,26,5,lateral,1,lateral,True,direction
36,27,1,backward,1,backward,True,direction
36,27,2,backward,1,backward,True,direction
36,27,3,backward,1,backward,True,direction
36,27,4,backward,1,backward,True,direction
36,27,5,backward,1,backward,True,direction
36,28,1,forward,1,forward,True,direction
36,28,2,forward,1,forward,True,direction
36,28,3,forward,1,forward,True,direction
36,28,4,forward,1,forward,True,direction
36,28,5,forward,1,forward,True,direction
36,29,1,unspecified,1,unspecified,True,direction
36,29,2,unspecified,1,unspecified,True,direction
36,29,3,unspecified,1,unspecified,True,direction
36,29,4,unspecified,1,unspecified,True,direction
36,29,5,unspecified,1,unspecified,True,direction
36,30,1,forward,1,forward,True,direction
36,30,2,forward,1,forward,True,direction
36,30,3,forward,1,forward,True,direction
36,30,4,forward,1,forward,True,direction
36,30,5,forward,1,forward,True,direction
36,31,1,forward,1,forward,True,direction
36,31,2,forward,1,forward,True,direction
36,31,3,forward,1,forward,True,direction
36,31,4,forward,1,forward,True,direction
36,31,5,forward,1,forward,True,direction
36,32,1,forward,1,forward,True,direction
36,32,2,forward,1,forward,True,direction
36,32,3,forward,1,forward,True,direction
36,32,4,forward,1,forward,True,direction
36,32,5,forward,1,forward,True,direction
36,33,1,lateral,1,forward,False,direction
36,33,2,lateral,1,lateral,True,direction
36,33,3,lateral,1,lateral,True,direction
36,33,4,lateral,1,lateral,True,direction
36,33,5,lateral,1,lateral,True,direction
36,34,1,backward,1,backward,True,direction
36,34,2,backward,1,lateral,False,direction
36,34,3,backward,1,backward,True,direction
36,34,4,backward,1,backward,True,direction
36,34,5,backward,1,backward,True,direction
7,20,1,forward,2,forward,True,direction
7,20,2,forward,2,forward,True,direction
7,20,3,forward,2,forward,True,direction
7,20,4,forward,2,forward,True,direction
7,20,5,forward,2,forward,True,direction
7,21,1,backward,2,backward,True,direction
7,21,2,backward,2,backward,True,direction
7,21,3,backward,2,backward,True,direction
7,21,4,backward,2,backward,True,direction
7,21,5,backward,2,backward,True,direction
7,22,1,lateral,2,lateral,True,direction
7,22,2,lateral,2,lateral,True,direction
7,22,3,lateral,2,lateral,True,direction
7,22,4,lateral,2,lateral,True,direction
7,22,5,lateral,2,lateral,True,direction
7,23,1,forward,2,forward,True,direction
7,23,2,forward,2,forward,True,direction
7,23,3,forward,2,forward,True,direction
7,23,4,forward,2,forward,True,direction
7,23,5,forward,2,forward,True,direction
7,24,1,lateral,2,lateral,True,direction
7,24,2,lateral,2,lateral,True,direction
7,24,3,lateral,2,lateral,True,direction
7,24,4,lateral,2,lateral,True,direction
7,24,5,lateral,2,lateral,True,direction
7,25,1,forward,2,forward,True,direction
7,25,3,forward,2,forward,True,direction
7,25,4,forward,2,forward,True,direction
7,25,5,forward,2,forward,True,direction
7,26,1,lateral,2,lateral,True,direction
7,26,2,lateral,2,lateral,True,direction
7,26,3,lateral,2,lateral,True,direction
7,26,4,lateral,2,lateral,True,direction
7,26,5,lateral,2,lateral,True,direction
7,27,4,backward,2,backward,True,direction
7,28,1,forward,2,forward,True,direction
7,28,2,forward,2,forward,True,direction
7,28,3,forward,2,forward,True,direction
7,28,4,forward,2,forward,True,direction
7,28,5,forward,2,forward,True,direction
7,29,2,unspecified,2,unspecified,True,direction
7,29,3,unspecified,2,unspecified,True,direction
7,29,5,unspecified,2,unspecified,True,direction
7,31,2,forward,2,forward,True,direction
7,31,3,forward,2,forward,True,direction
7,31,4,forward,2,forward,True,direction
7,31,5,forward,2,forward,True,direction
7,32,1,forward,2,forward,True,direction
7,32,2,forward,2,forward,True,direction
7,32,3,forward,2,forward,True,direction
7,32,4,forward,2,forward,True,direction
7,32,5,forward,2,forward,True,direction
7,33,1,lateral,2,lateral,True,direction
7,33,2,lateral,2,lateral,True,direction
7,33,3,lateral,2,lateral,True,direction
7,33,4,lateral,2,lateral,True,direction
7,33,5,lateral,2,lateral,True,direction
7,34,1,backward,2,backward,True,direction
7,34,2,backward,2,unspecified,False,direction
7,34,3,backward,2,backward,True,direction
7,34,4,backward,2,backward,True,direction
7,34,5,backward,2,backward,True,direction
13,20,1,forward,2,forward,True,direction
13,20,2,forward,2,forward,True,direction
13,20,3,forward,2,forward,True,direction
13,20,4,forward,2,forward,True,direction
13,21,1,backward,2,backward,True,direction
13,21,2,backward,2,backward,True,direction
13,21,3,backward,2,backward,True,direction
13,21,4,backward,2,backward,True,direction
13,21,5,backward,2,backward,True,direction
13,22,1,lateral,2,lateral,True,direction
13,22,2,lateral,2,lateral,True,direction
13,22,3,lateral,2,lateral,True,direction
13,22,4,lateral,2,lateral,True,direction
13,22,5,lateral,2,lateral,True,direction
13,23,1,forward,2,forward,True,direction
13,23,2,forward,2,forward,True,direction
13,23,3,forward,2,forward,True,direction
13,23,4,forward,2,forward,True,direction
13,23,5,forward,2,forward,True,direction
13,24,1,lateral,2,lateral,True,direction
13,24,2,lateral,2,lateral,True,direction
13,24,3,lateral,2,lateral,True,direction
13,24,4,lateral,2,lateral,True,direction
13,24,5,lateral,2,lateral,True,direction
13,25,1,forward,2,forward,True,direction
13,25,2,forward,2,forward,True,direction
13,25,4,forward,2,forward,True,direction
13,25,5,forward,2,forward,True,direction
13,26,1,lateral,2,lateral,True,direction
13,26,2,lateral,2,lateral,True,direction
13,26,3,lateral,2,lateral,True,direction
13,26,4,lateral,2,lateral,True,direction
13,26,5,lateral,2,lateral,True,direction
13,27,1,backward,2,backward,True,direction
13,27,2,backward,2,backward,True,direction
13,27,3,backward,2,backward,True,direction
13,27,4,backward,2,backward,True,direction
13,27,5,backward,2,backward,True,direction
13,28,1,forward,2,forward,True,direction
13,28,2,forward,2,forward,True,direction
13,28,3,forward,2,forward,True,direction
13,28,4,forward,2,forward,True,direction
13,28,5,forward,2,forward,True,direction
13,29,1,unspecified,2,unspecified,True,direction
13,29,2,unspecified,2,unspecified,True,direction
13,29,3,unspecified,2,unspecified,True,direction
13,29,4,unspecified,2,unspecified,True,direction
13,29,5,unspecified,2,unspecified,True,direction
13,30,1,forward,2,forward,True,direction
13,30,2,forward,2,forward,True,direction
13,30,3,forward,2,forward,True,direction
13,30,4,forward,2,forward,True,direction
13,30,5,forward,2,forward,True,direction
13,31,1,forward,2,forward,True,direction
13,31,2,forward,2,forward,True,direction
13,31,3,forward,2,forward,True,direction
13,31,4,forward,2,forward,True,direction
13,31,5,forward,2,forward,True,direction
13,32,1,forward,2,forward,True,direction
13,32,2,forward,2,forward,True,direction
13,32,3,forward,2,forward,True,direction
13,32,4,forward,2,forward,True,direction
13,32,5,forward,2,forward,True,direction
13,33,1,lateral,2,lateral,True,direction
13,33,2,lateral,2,lateral,True,direction
13,33,3,lateral,2,lateral,True,direction
13,33,4,lateral,2,lateral,True,direction
13,33,5,lateral,2,lateral,True,direction
13,34,1,backward,2,backward,True,direction
13,34,2,backward,2,backward,True,direction
13,34,3,backward,2,backward,True,direction
13,34,4,backward,2,backward,True,direction
13,34,5,backward,2,backward,True,direction
15,20,1,forward,2,forward,True,direction
15,20,2,forward,2,forward,True,direction
15,20,3,forward,2,forward,True,direction
15,20,4,forward,2,forward,True,direction
15,20,5,forward,2,forward,True,direction
15,21,1,backward,2,backward,True,direction
15,21,2,backward,2,backward,True,direction
15,21,3,backward,2,backward,True,direction
15,21,4,backward,2,backward,True,direction
15,21,5,backward,2,backward,True,direction
15,22,1,lateral,2,lateral,True,direction
15,22,2,lateral,2,lateral,True,direction
15,22,3,lateral,2,lateral,True,direction
15,22,4,lateral,2,lateral,True,direction
15,22,5,lateral,2,lateral,True,direction
15,23,1,forward,2,forward,True,direction
15,23,2,forward,2,forward,True,direction
15,23,3,forward,2,forward,True,direction
15,23,4,forward,2,forward,True,direction
15,23,5,forward,2,forward,True,direction
15,24,1,lateral,2,lateral,True,direction
15,24,2,lateral,2,lateral,True,direction
15,24,3,lateral,2,lateral,True,direction
15,24,4,lateral,2,lateral,True,direction
15,24,5,lateral,2,lateral,True,direction
15,25,1,forward,2,forward,True,direction
15,25,2,forward,2,forward,True,direction
15,25,3,forward,2,forward,True,direction
15,25,4,forward,2,forward,True,direction
15,25,5,forward,2,forward,True,direction
15,26,1,lateral,2,lateral,True,direction
15,26,2,lateral,2,lateral,True,direction
15,26,3,lateral,2,lateral,True,direction
15,26,4,lateral,2,lateral,True,direction
15,26,5,lateral,2,lateral,True,direction
15,27,1,backward,2,backward,True,direction
15,27,2,backward,2,backward,True,direction
15,27,3,backward,2,backward,True,direction
15,27,4,backward,2,backward,True,direction
15,27,5,backward,2,backward,True,direction
15,28,1,forward,2,forward,True,direction
15,28,2,forward,2,forward,True,direction
15,28,3,forward,2,forward,True,direction
15,28,4,forward,2,forward,True,direction
15,28,5,forward,2,forward,True,direction
15,29,1,unspecified,2,unspecified,True,direction
15,29,2,unspecified,2,unspecified,True,direction
15,29,3,unspecified,2,unspecified,True,direction
15,29,4,unspecified,2,unspecified,True,direction
15,29,5,unspecified,2,unspecified,True,direction
15,30,1,forward,2,forward,True,direction
15,30,2,forward,2,forward,True,direction
15,30,3,forward,2,forward,True,direction
15,30,4,forward,2,forward,True,direction
15,30,5,forward,2,forward,True,direction
15,31,1,forward,2,forward,True,direction
15,31,2,forward,2,forward,True,direction
15,31,3,forward,2,forward,True,direction
15,31,4,forward,2,forward,True,direction
15,31,5,forward,2,forward,True,direction
15,32,1,forward,2,forward,True,direction
15,32,2,forward,2,forward,True,direction
15,32,3,forward,2,forward,True,direction
15,32,4,forward,2,forward,True,direction
15,32,5,forward,2,forward,True,direction
15,33,1,lateral,2,lateral,True,direction
15,33,2,lateral,2,lateral,True,direction
15,33,3,lateral,2,lateral,True,direction
15,33,4,lateral,2,lateral,True,direction
15,33,5,lateral,2,lateral,True,direction
15,34,1,backward,2,backward,True,direction
15,34,2,backward,2,backward,True,direction
15,34,3,backward,2,backward,True,direction
15,34,4,backward,2,backward,True,direction
15,34,5,backward,2,backward,True,direction
26,20,1,forward,2,forward,True,direction
26,20,2,forward,2,forward,True,direction
26,20,3,forward,2,forward,True,direction
26,20,4,forward,2,forward,True,direction
26,20,5,forward,2,forward,True,direction
26,21,1,backward,2,backward,True,direction
26,21,2,backward,2,backward,True,direction
26,21,3,backward,2,backward,True,direction
26,21,4,backward,2,backward,True,direction
26,21,5,backward,2,backward,True,direction
26,22,1,lateral,2,lateral,True,direction
26,22,2,lateral,2,lateral,True,direction
26,22,3,lateral,2,lateral,True,direction
26,22,4,lateral,2,lateral,True,direction
26,22,5,lateral,2,lateral,True,direction
26,23,1,forward,2,forward,True,direction
26,23,2,forward,2,forward,True,direction
26,23,3,forward,2,forward,True,direction
26,23,4,forward,2,forward,True,direction
26,23,5,forward,2,forward,True,direction
26,24,1,lateral,2,lateral,True,direction
26,24,2,lateral,2,lateral,True,direction
26,24,4,lateral,2,lateral,True,direction
26,24,5,lateral,2,lateral,True,direction
26,25,1,forward,2,forward,True,direction
26,25,2,forward,2,forward,True,direction
26,25,3,forward,2,forward,True,direction
26,25,4,forward,2,forward,True,direction
26,25,5,forward,2,forward,True,direction
26,26,1,lateral,2,lateral,True,direction
26,26,2,lateral,2,lateral,True,direction
26,26,3,lateral,2,lateral,True,direction
26,26,4,lateral,2,lateral,True,direction
26,26,5,lateral,2,lateral,True,direction
26,27,1,backward,2,backward,True,direction
26,27,2,backward,2,backward,True,direction
26,27,3,backward,2,backward,True,direction
26,27,4,backward,2,backward,True,direction
26,27,5,backward,2,backward,True,direction
26,28,1,forward,2,forward,True,direction
26,28,2,forward,2,forward,True,direction
26,28,3,forward,2,forward,True,direction
26,28,4,forward,2,forward,True,direction
26,28,5,forward,2,forward,True,direction
26,29,1,unspecified,2,unspecified,True,direction
26,29,2,unspecified,2,unspecified,True,direction
26,29,3,unspecified,2,unspecified,True,direction
26,29,4,unspecified,2,unspecified,True,direction
26,29,5,unspecified,2,unspecified,True,direction
26,30,1,forward,2,forward,True,direction
26,30,2,forward,2,forward,True,direction
26,30,3,forward,2,forward,True,direction
26,30,4,forward,2,forward,True,direction
26,30,5,forward,2,forward,True,direction
26,31,1,forward,2,forward,True,direction
26,31,2,forward,2,forward,True,direction
26,31,3,forward,2,forward,True,direction
26,31,4,forward,2,forward,True,direction
26,31,5,forward,2,forward,True,direction
26,32,1,forward,2,forward,True,direction
26,32,2,forward,2,forward,True,direction
26,32,3,forward,2,forward,True,direction
26,32,4,forward,2,forward,True,direction
26,32,5,forward,2,forward,True,direction
26,33,1,lateral,2,lateral,True,direction
26,33,2,lateral,2,lateral,True,direction
26,33,3,lateral,2,lateral,True,direction
26,33,4,lateral,2,lateral,True,direction
26,33,5,lateral,2,lateral,True,direction
26,34,1,backward,2,unspecified,False,direction
26,34,2,backward,2,backward,True,direction
26,34,3,backward,2,backward,True,direction
26,34,4,backward,2,backward,True,direction
26,34,5,backward,2,backward,True,direction
27,20,1,forward,2,forward,True,direction
27,20,2,forward,2,forward,True,direction
27,20,3,forward,2,forward,True,direction
27,20,4,forward,2,forward,True,direction
27,20,5,forward,2,forward,True,direction
27,21,1,backward,2,backward,True,direction
27,21,2,backward,2,backward,True,direction
27,21,3,backward,2,backward,True,direction
27,21,5,backward,2,backward,True,direction
27,22,1,lateral,2,lateral,True,direction
27,22,3,lateral,2,lateral,True,direction
27,22,4,lateral,2,lateral,True,direction
27,22,5,lateral,2,lateral,True,direction
27,23,1,forward,2,forward,True,direction
27,23,2,forward,2,forward,True,direction
27,23,3,forward,2,forward,True,direction
27,23,4,forward,2,forward,True,direction
27,24,1,lateral,2,lateral,True,direction
27,24,2,lateral,2,lateral,True,direction
27,24,3,lateral,2,lateral,True,direction
27,24,4,lateral,2,lateral,True,direction
27,24,5,lateral,2,lateral,True,direction
27,25,1,forward,2,forward,True,direction
27,25,2,forward,2,forward,True,direction
27,25,3,forward,2,forward,True,direction
27,25,4,forward,2,forward,True,direction
27,25,5,forward,2,forward,True,direction
27,26,1,lateral,2,lateral,True,direction
27,26,2,lateral,2,lateral,True,direction
27,26,3,lateral,2,lateral,True,direction
27,26,4,lateral,2,lateral,True,direction
27,26,5,lateral,2,lateral,True,direction
27,27,1,backward,2,backward,True,direction
27,27,2,backward,2,backward,True,direction
27,27,3,backward,2,backward,True,direction
27,27,4,backward,2,backward,True,direction
27,27,5,backward,2,backward,True,direction
27,28,1,forward,2,forward,True,direction
27,28,2,forward,2,forward,True,direction
27,28,3,forward,2,forward,True,direction
27,28,4,forward,2,forward,True,direction
27,28,5,forward,2,forward,True,direction
27,29,1,unspecified,2,unspecified,True,direction
27,29,2,unspecified,2,unspecified,True,direction
27,29,3,unspecified,2,unspecified,True,direction
27,29,4,unspecified,2,unspecified,True,direction
27,29,5,unspecified,2,unspecified,True,direction
27,30,1,forward,2,forward,True,direction
27,30,2,forward,2,forward,True,direction
27,30,3,forward,2,forward,True,direction
27,30,4,forward,2,forward,True,direction
27,30,5,forward,2,forward,True,direction
27,31,1,forward,2,forward,True,direction
27,31,2,forward,2,forward,True,direction
27,31,3,forward,2,forward,True,direction
27,31,4,forward,2,forward,True,direction
27,31,5,forward,2,forward,True,direction
27,32,1,forward,2,forward,True,direction
27,32,2,forward,2,forward,True,direction
27,32,3,forward,2,forward,True,direction
27,32,4,forward,2,forward,True,direction
27,32,5,forward,2,forward,True,direction
27,33,1,lateral,2,lateral,True,direction
27,33,2,lateral,2,lateral,True,direction
27,33,3,lateral,2,lateral,True,direction
27,33,4,lateral,2,lateral,True,direction
27,33,5,lateral,2,lateral,True,direction
27,34,1,backward,2,backward,True,direction
27,34,2,backward,2,backward,True,direction
27,34,3,backward,2,backward,True,direction
27,34,4,backward,2,backward,True,direction
27,34,5,backward,2,backward,True,direction
32,20,1,forward,2,forward,True,direction
32,20,2,forward,2,forward,True,direction
32,20,3,forward,2,forward,True,direction
32,20,4,forward,2,forward,True,direction
32,20,5,forward,2,forward,True,direction
32,21,1,backward,2,backward,True,direction
32,21,2,backward,2,backward,True,direction
32,21,3,backward,2,backward,True,direction
32,21,4,backward,2,backward,True,direction
32,21,5,backward,2,backward,True,direction
32,22,1,lateral,2,lateral,True,direction
32,22,2,lateral,2,lateral,True,direction
32,22,3,lateral,2,lateral,True,direction
32,22,4,lateral,2,lateral,True,direction
32,22,5,lateral,2,lateral,True,direction
32,23,1,forward,2,forward,True,direction
32,23,2,forward,2,forward,True,direction
32,23,3,forward,2,forward,True,direction
32,23,4,forward,2,forward,True,direction
32,23,5,forward,2,forward,True,direction
32,24,1,lateral,2,lateral,True,direction
32,24,2,lateral,2,lateral,True,direction
32,24,3,lateral,2,lateral,True,direction
32,24,4,lateral,2,lateral,True,direction
32,24,5,lateral,2,lateral,True,direction
32,25,1,forward,2,forward,True,direction
32,25,2,forward,2,forward,True,direction
32,25,3,forward,2,forward,True,direction
32,25,4,forward,2,forward,True,direction
32,25,5,forward,2,forward,True,direction
32,26,1,lateral,2,lateral,True,direction
32,26,2,lateral,2,lateral,True,direction
32,26,3,lateral,2,lateral,True,direction
32,26,4,lateral,2,lateral,True,direction
32,26,5,lateral,2,lateral,True,direction
32,27,1,backward,2,backward,True,direction
32,27,2,backward,2,backward,True,direction
32,27,3,backward,2,backward,True,direction
32,27,4,backward,2,backward,True,direction
32,27,5,backward,2,backward,True,direction
32,28,1,forward,2,forward,True,direction
32,28,2,forward,2,forward,True,direction
32,28,3,forward,2,forward,True,direction
32,28,4,forward,2,forward,True,direction
32,28,5,forward,2,forward,True,direction
32,29,1,unspecified,2,lateral,False,direction
32,29,2,unspecified,2,lateral,False,direction
32,29,3,unspecified,2,lateral,False,direction
32,29,4,unspecified,2,lateral,False,direction
32,29,5,unspecified,2,lateral,False,direction
32,30,1,forward,2,forward,True,direction
32,30,2,forward,2,forward,True,direction
32,30,3,forward,2,forward,True,direction
32,30,4,forward,2,forward,True,direction
32,30,5,forward,2,forward,True,direction
32,31,1,forward,2,forward,True,direction
32,31,2,forward,2,forward,True,direction
32,31,3,forward,2,forward,True,direction
32,31,4,forward,2,forward,True,direction
32,31,5,forward,2,forward,True,direction
32,32,1,forward,2,forward,True,direction
32,32,2,forward,2,forward,True,direction
32,32,3,forward,2,forward,True,direction
32,32,4,forward,2,forward,True,direction
32,32,5,forward,2,forward,True,direction
32,33,1,lateral,2,lateral,True,direction
32,33,2,lateral,2,lateral,True,direction
32,33,3,lateral,2,lateral,True,direction
32,33,4,lateral,2,lateral,True,direction
32,33,5,lateral,2,lateral,True,direction
32,34,1,backward,2,backward,True,direction
32,34,2,backward,2,backward,True,direction
32,34,3,backward,2,backward,True,direction
32,34,4,backward,2,backward,True,direction
32,34,5,backward,2,backward,True,direction
37,20,1,forward,2,forward,True,direction
37,20,2,forward,2,forward,True,direction
37,20,3,forward,2,forward,True,direction
37,20,4,forward,2,forward,True,direction
37,20,5,forward,2,forward,True,direction
37,21,1,backward,2,backward,True,direction
37,21,2,backward,2,backward,True,direction
37,21,3,backward,2,backward,True,direction
37,21,4,backward,2,backward,True,direction
37,21,5,backward,2,backward,True,direction
37,22,1,lateral,2,lateral,True,direction
37,22,2,lateral,2,lateral,True,direction
37,22,3,lateral,2,lateral,True,direction
37,22,4,lateral,2,lateral,True,direction
37,23,1,forward,2,forward,True,direction
37,23,2,forward,2,forward,True,direction
37,23,3,forward,2,forward,True,direction
37,23,4,forward,2,forward,True,direction
37,23,5,forward,2,forward,True,direction
37,24,1,lateral,2,lateral,True,direction
37,24,2,lateral,2,lateral,True,direction
37,24,3,lateral,2,lateral,True,direction
37,24,5,lateral,2,lateral,True,direction
37,25,2,forward,2,forward,True,direction
37,25,3,forward,2,forward,True,direction
37,25,4,forward,2,forward,True,direction
37,25,5,forward,2,forward,True,direction
37,26,2,lateral,2,lateral,True,direction
37,26,3,lateral,2,lateral,True,direction
37,26,4,lateral,2,lateral,True,direction
37,26,5,lateral,2,lateral,True,direction
37,27,1,backward,2,backward,True,direction
37,27,2,backward,2,backward,True,direction
37,27,4,backward,2,backward,True,direction
37,27,5,backward,2,backward,True,direction
37,28,1,forward,2,forward,True,direction
37,28,2,forward,2,forward,True,direction
37,28,3,forward,2,forward,True,direction
37,28,5,forward,2,forward,True,direction
37,29,1,unspecified,2,unspecified,True,direction
37,29,2,unspecified,2,unspecified,True,direction
37,29,3,unspecified,2,unspecified,True,direction
37,29,4,unspecified,2,unspecified,True,direction
37,29,5,unspecified,2,unspecified,True,direction
37,30,1,forward,2,forward,True,direction
37,30,2,forward,2,forward,True,direction
37,30,3,forward,2,forward,True,direction
37,30,4,forward,2,forward,True,direction
37,30,5,forward,2,forward,True,direction
37,31,1,forward,2,forward,True,direction
37,31,2,forward,2,forward,True,direction
37,31,3,forward,2,forward,True,direction
37,31,5,forward,2,forward,True,direction
37,32,1,forward,2,forward,True,direction
37,32,2,forward,2,forward,True,direction
37,32,3,forward,2,forward,True,direction
37,32,4,forward,2,forward,True,direction
37,32,5,forward,2,forward,True,direction
37,33,1,lateral,2,lateral,True,direction
37,33,2,lateral,2,lateral,True,direction
37,33,3,lateral,2,lateral,True,direction
37,33,4,lateral,2,lateral,True,direction
37,33,5,lateral,2,lateral,True,direction
37,34,1,backward,2,backward,True,direction
37,34,2,backward,2,backward,True,direction
37,34,3,backward,2,backward,True,direction
37,34,4,backward,2,backward,True,direction
37,34,5,backward,2,backward,True,direction
11,20,1,forward,3,forward,True,direction
11,20,2,forward,3,forward,True,direction
11,20,3,forward,3,forward,True,direction
11,20,4,forward,3,forward,True,direction
11,20,5,forward,3,forward,True,direction
11,21,1,backward,3,backward,True,direction
11,21,2,backward,3,backward,True,direction
11,21,3,backward,3,backward,True,direction
11,21,4,backward,3,backward,True,direction
11,21,5,backward,3,backward,True,direction
11,22,1,lateral,3,lateral,True,direction
11,22,2,lateral,3,lateral,True,direction
11,22,3,lateral,3,lateral,True,direction
11,22,4,lateral,3,lateral,True,direction
11,22,5,lateral,3,lateral,True,direction
11,23,1,forward,3,forward,True,direction
11,23,2,forward,3,forward,True,direction
11,23,3,forward,3,forward,True,direction
11,23,4,forward,3,forward,True,direction
11,23,5,forward,3,forward,True,direction
11,24,1,lateral,3,lateral,True,direction
11,24,2,lateral,3,lateral,True,direction
11,24,3,lateral,3,lateral,True,direction
11,24,4,lateral,3,lateral,True,direction
11,24,5,lateral,3,lateral,True,direction
11,25,1,forward,3,forward,True,direction
11,25,2,forward,3,forward,True,direction
11,25,3,forward,3,forward,True,direction
11,25,4,forward,3,forward,True,direction
11,26,1,lateral,3,lateral,True,direction
11,26,2,lateral,3,lateral,True,direction
11,26,3,lateral,3,lateral,True,direction
11,26,4,lateral,3,lateral,True,direction
11,26,5,lateral,3,lateral,True,direction
11,27,1,backward,3,backward,True,direction
11,27,2,backward,3,backward,True,direction
11,27,3,backward,3,backward,True,direction
11,27,4,backward,3,backward,True,direction
11,27,5,backward,3,backward,True,direction
11,28,1,forward,3,forward,True,direction
11,28,3,forward,3,forward,True,direction
11,28,4,forward,3,forward,True,direction
11,28,5,forward,3,forward,True,direction
11,29,1,unspecified,3,lateral,False,direction
11,29,2,unspecified,3,lateral,False,direction
11,29,3,unspecified,3,lateral,False,direction
11,29,4,unspecified,3,lateral,False,direction
11,29,5,unspecified,3,unspecified,True,direction
11,30,1,forward,3,forward,True,direction
11,30,2,forward,3,forward,True,direction
11,30,3,forward,3,forward,True,direction
11,30,4,forward,3,forward,True,direction
11,30,5,forward,3,forward,True,direction
11,31,1,forward,3,lateral,False,direction
11,31,2,forward,3,forward,True,direction
11,31,3,forward,3,forward,True,direction
11,31,4,forward,3,forward,True,direction
11,31,5,forward,3,forward,True,direction
11,32,1,forward,3,forward,True,direction
11,32,2,forward,3,forward,True,direction
11,32,3,forward,3,forward,True,direction
11,32,4,forward,3,forward,True,direction
11,32,5,forward,3,forward,True,direction
11,33,1,lateral,3,lateral,True,direction
11,33,2,lateral,3,lateral,True,direction
11,33,3,lateral,3,lateral,True,direction
11,33,4,lateral,3,lateral,True,direction
11,33,5,lateral,3,lateral,True,direction
11,34,1,backward,3,backward,True,direction
11,34,2,backward,3,backward,True,direction
11,34,3,backward,3,backward,True,direction
11,34,4,backward,3,backward,True,direction
11,34,5,backward,3,backward,True,direction
12,20,1,forward,3,forward,True,direction
12,20,2,forward,3,forward,True,direction
12,20,3,forward,3,forward,True,direction
12,20,4,forward,3,forward,True,direction
12,20,5,forward,3,forward,True,direction
12,21,1,backward,3,backward,True,direction
12,21,2,backward,3,backward,True,direction
12,21,3,backward,3,backward,True,direction
12,21,4,backward,3,backward,True,direction
12,21,5,backward,3,backward,True,direction
12,22,1,lateral,3,lateral,True,direction
12,22,2,lateral,3,lateral,True,direction
12,22,3,lateral,3,lateral,True,direction
12,22,4,lateral,3,lateral,True,direction
12,22,5,lateral,3,lateral,True,direction
12,23,1,forward,3,forward,True,direction
12,23,2,forward,3,forward,True,direction
12,23,3,forward,3,forward,True,direction
12,23,4,forward,3,forward,True,direction
12,23,5,forward,3,forward,True,direction
12,24,1,lateral,3,lateral,True,direction
12,24,2,lateral,3,lateral,True,direction
12,24,3,lateral,3,lateral,True,direction
12,24,4,lateral,3,lateral,True,direction
12,24,5,lateral,3,lateral,True,direction
12,25,1,forward,3,forward,True,direction
12,25,2,forward,3,forward,True,direction
12,25,3,forward,3,forward,True,direction
12,25,4,forward,3,forward,True,direction
12,25,5,forward,3,forward,True,direction
12,26,1,lateral,3,lateral,True,direction
12,26,2,lateral,3,lateral,True,direction
12,26,3,lateral,3,lateral,True,direction
12,26,4,lateral,3,lateral,True,direction
12,26,5,lateral,3,lateral,True,direction
12,27,1,backward,3,backward,True,direction
12,27,2,backward,3,backward,True,direction
12,27,3,backward,3,backward,True,direction
12,27,4,backward,3,backward,True,direction
12,27,5,backward,3,backward,True,direction
12,28,1,forward,3,forward,True,direction
12,28,2,forward,3,forward,True,direction
12,28,3,forward,3,forward,True,direction
12,28,4,forward,3,forward,True,direction
12,28,5,forward,3,forward,True,direction
12,29,1,unspecified,3,unspecified,True,direction
12,29,2,unspecified,3,unspecified,True,direction
12,29,3,unspecified,3,unspecified,True,direction
12,29,4,unspecified,3,unspecified,True,direction
12,29,5,unspecified,3,unspecified,True,direction
12,30,1,forward,3,forward,True,direction
12,30,2,forward,3,forward,True,direction
12,30,3,forward,3,forward,True,direction
12,30,4,forward,3,forward,True,direction
12,30,5,forward,3,forward,True,direction
12,31,1,forward,3,forward,True,direction
12,31,2,forward,3,forward,True,direction
12,31,3,forward,3,forward,True,direction
12,31,4,forward,3,forward,True,direction
12,31,5,forward,3,forward,True,direction
12,32,1,forward,3,forward,True,direction
12,32,2,forward,3,forward,True,direction
12,32,3,forward,3,forward,True,direction
12,32,4,forward,3,forward,True,direction
12,32,5,forward,3,forward,True,direction
12,33,1,lateral,3,lateral,True,direction
12,33,2,lateral,3,lateral,True,direction
12,33,3,lateral,3,lateral,True,direction
12,33,4,lateral,3,lateral,True,direction
12,33,5,lateral,3,lateral,True,direction
12,34,1,backward,3,backward,True,direction
12,34,2,backward,3,backward,True,direction
12,34,3,backward,3,backward,True,direction
12,34,4,backward,3,backward,True,direction
12,34,5,backward,3,backward,True,direction
17,20,1,forward,3,forward,True,direction
17,20,2,forward,3,forward,True,direction
17,20,3,forward,3,forward,True,direction
17,20,4,forward,3,forward,True,direction
17,20,5,forward,3,forward,True,direction
17,21,1,backward,3,backward,True,direction
17,21,2,backward,3,backward,True,direction
17,21,3,backward,3,backward,True,direction
17,21,4,backward,3,backward,True,direction
17,21,5,backward,3,backward,True,direction
17,22,1,lateral,3,lateral,True,direction
17,22,2,lateral,3,lateral,True,direction
17,22,3,lateral,3,lateral,True,direction
17,22,4,lateral,3,lateral,True,direction
17,22,5,lateral,3,lateral,True,direction
17,23,1,forward,3,forward,True,direction
17,23,2,forward,3,forward,True,direction
17,23,3,forward,3,forward,True,direction
17,23,4,forward,3,forward,True,direction
17,23,5,forward,3,forward,True,direction
17,24,1,lateral,3,lateral,True,direction
17,24,2,lateral,3,lateral,True,direction
17,24,3,lateral,3,lateral,True,direction
17,24,4,lateral,3,lateral,True,direction
17,24,5,lateral,3,lateral,True,direction
17,25,1,forward,3,forward,True,direction
17,25,2,forward,3,forward,True,direction
17,25,3,forward,3,forward,True,direction
17,25,4,forward,3,forward,True,direction
17,25,5,forward,3,forward,True,direction
17,26,1,lateral,3,lateral,True,direction
17,26,3,lateral,3,lateral,True,direction
17,26,4,lateral,3,lateral,True,direction
17,26,5,lateral,3,lateral,True,direction
17,27,1,backward,3,backward,True,direction
17,27,2,backward,3,backward,True,direction
17,27,3,backward,3,backward,True,direction
17,27,4,backward,3,backward,True,direction
17,27,5,backward,3,backward,True,direction
17,28,1,forward,3,forward,True,direction
17,28,2,forward,3,forward,True,direction
17,28,3,forward,3,forward,True,direction
17,28,4,forward,3,forward,True,direction
17,28,5,forward,3,forward,True,direction
17,29,1,unspecified,3,unspecified,True,direction
17,29,2,unspecified,3,unspecified,True,direction
17,29,3,unspecified,3,unspecified,True,direction
17,29,4,unspecified,3,unspecified,True,direction
17,29,5,unspecified,3,unspecified,True,direction
17,30,1,forward,3,forward,True,direction
17,30,2,forward,3,forward,True,direction
17,30,3,forward,3,forward,True,direction
17,30,4,forward,3,forward,True,direction
17,30,5,forward,3,forward,True,direction
17,31,1,forward,3,forward,True,direction
17,31,2,forward,3,forward,True,direction
17,31,3,forward,3,forward,True,direction
17,31,4,forward,3,forward,True,direction
17,31,5,forward,3,forward,True,direction
17,32,1,forward,3,forward,True,direction
17,32,2,forward,3,forward,True,direction
17,32,3,forward,3,forward,True,direction
17,32,4,forward,3,forward,True,direction
17,32,5,forward,3,forward,True,direction
17,33,1,lateral,3,lateral,True,direction
17,33,2,lateral,3,lateral,True,direction
17,33,3,lateral,3,lateral,True,direction
17,33,4,lateral,3,lateral,True,direction
17,33,5,lateral,3,lateral,True,direction
17,34,1,backward,3,backward,True,direction
17,34,2,backward,3,backward,True,direction
17,34,3,backward,3,backward,True,direction
17,34,4,backward,3,backward,True,direction
17,34,5,backward,3,backward,True,direction
21,20,2,forward,3,forward,True,direction
21,20,3,forward,3,forward,True,direction
21,20,4,forward,3,forward,True,direction
21,20,5,forward,3,forward,True,direction
21,21,1,backward,3,backward,True,direction
21,21,2,backward,3,backward,True,direction
21,21,3,backward,3,backward,True,direction
21,21,4,backward,3,backward,True,direction
21,21,5,backward,3,backward,True,direction
21,22,1,lateral,3,lateral,True,direction
21,22,2,lateral,3,lateral,True,direction
21,22,3,lateral,3,lateral,True,direction
21,22,4,lateral,3,lateral,True,direction
21,22,5,lateral,3,lateral,True,direction
21,23,2,forward,3,forward,True,direction
21,23,3,forward,3,forward,True,direction
21,23,4,forward,3,forward,True,direction
21,23,5,forward,3,forward,True,direction
21,24,1,lateral,3,lateral,True,direction
21,24,2,lateral,3,lateral,True,direction
21,24,3,lateral,3,lateral,True,direction
21,24,4,lateral,3,lateral,True,direction
21,24,5,lateral,3,lateral,True,direction
21,25,1,forward,3,forward,True,direction
21,25,2,forward,3,forward,True,direction
21,25,3,forward,3,forward,True,direction
21,25,4,forward,3,forward,True,direction
21,25,5,forward,3,forward,True,direction
21,26,1,lateral,3,lateral,True,direction
21,26,2,lateral,3,lateral,True,direction
21,26,3,lateral,3,lateral,True,direction
21,26,4,lateral,3,lateral,True,direction
21,26,5,lateral,3,lateral,True,direction
21,27,1,backward,3,backward,True,direction
21,27,2,backward,3,backward,True,direction
21,27,3,backward,3,backward,True,direction
21,27,4,backward,3,backward,True,direction
21,27,5,backward,3,backward,True,direction
21,28,1,forward,3,forward,True,direction
21,28,2,forward,3,forward,True,direction
21,28,3,forward,3,forward,True,direction
21,28,4,forward,3,forward,True,direction
21,28,5,forward,3,forward,True,direction
21,29,1,unspecified,3,unspecified,True,direction
21,29,2,unspecified,3,unspecified,True,direction
21,29,3,unspecified,3,unspecified,True,direction
21,29,4,unspecified,3,unspecified,True,direction
21,29,5,unspecified,3,unspecified,True,direction
21,30,1,forward,3,forward,True,direction
21,30,2,forward,3,forward,True,direction
21,30,3,forward,3,forward,True,direction
21,30,4,forward,3,forward,True,direction
21,30,5,forward,3,forward,True,direction
21,31,1,forward,3,forward,True,direction
21,31,2,forward,3,forward,True,direction
21,31,3,forward,3,forward,True,direction
21,31,4,forward,3,forward,True,direction
21,31,5,forward,3,forward,True,direction
21,32,1,forward,3,forward,True,direction
21,32,2,forward,3,forward,True,direction
21,32,3,forward,3,forward,True,direction
21,32,4,forward,3,forward,True,direction
21,32,5,forward,3,forward,True,direction
21,33,1,lateral,3,lateral,True,direction
21,33,2,lateral,3,lateral,True,direction
21,33,3,lateral,3,lateral,True,direction
21,33,4,lateral,3,lateral,True,direction
21,33,5,lateral,3,lateral,True,direction
21,34,1,backward,3,backward,True,direction
21,34,3,backward,3,backward,True,direction
21,34,4,backward,3,backward,True,direction
21,34,5,backward,3,backward,True,direction
24,20,1,forward,3,forward,True,direction
24,20,3,forward,3,forward,True,direction
24,20,4,forward,3,forward,True,direction
24,20,5,forward,3,forward,True,direction
24,21,1,backward,3,backward,True,direction
24,21,2,backward,3,backward,True,direction
24,21,3,backward,3,backward,True,direction
24,21,4,backward,3,backward,True,direction
24,21,5,backward,3,backward,True,direction
24,22,1,lateral,3,lateral,True,direction
24,22,2,lateral,3,lateral,True,direction
24,22,3,lateral,3,lateral,True,direction
24,22,4,lateral,3,lateral,True,direction
24,22,5,lateral,3,lateral,True,direction
24,23,1,forward,3,forward,True,direction
24,23,2,forward,3,forward,True,direction
24,23,3,forward,3,forward,True,direction
24,23,5,forward,3,forward,True,direction
24,24,1,lateral,3,lateral,True,direction
24,24,2,lateral,3,lateral,True,direction
24,24,3,lateral,3,lateral,True,direction
24,24,4,lateral,3,lateral,True,direction
24,24,5,lateral,3,lateral,True,direction
24,25,1,forward,3,forward,True,direction
24,25,2,forward,3,forward,True,direction
24,25,3,forward,3,forward,True,direction
24,25,4,forward,3,forward,True,direction
24,25,5,forward,3,forward,True,direction
24,26,1,lateral,3,lateral,True,direction
24,26,2,lateral,3,lateral,True,direction
24,26,3,lateral,3,lateral,True,direction
24,26,4,lateral,3,lateral,True,direction
24,26,5,lateral,3,lateral,True,direction
24,27,1,backward,3,backward,True,direction
24,27,2,backward,3,backward,True,direction
24,27,3,backward,3,backward,True,direction
24,27,4,backward,3,backward,True,direction
24,27,5,backward,3,backward,True,direction
24,28,1,forward,3,forward,True,direction
24,28,2,forward,3,forward,True,direction
24,28,3,forward,3,forward,True,direction
24,28,4,forward,3,forward,True,direction
24,28,5,forward,3,forward,True,direction
24,29,1,unspecified,3,unspecified,True,direction
24,29,2,unspecified,3,unspecified,True,direction
24,29,3,unspecified,3,unspecified,True,direction
24,29,4,unspecified,3,unspecified,True,direction
24,29,5,unspecified,3,unspecified,True,direction
24,30,1,forward,3,forward,True,direction
24,30,3,forward,3,forward,True,direction
24,30,5,forward,3,forward,True,direction
24,31,2,forward,3,forward,True,direction
24,31,3,forward,3,forward,True,direction
24,31,4,forward,3,forward,True,direction
24,31,5,forward,3,forward,True,direction
24,32,1,forward,3,forward,True,direction
24,32,2,forward,3,forward,True,direction
24,32,3,forward,3,forward,True,direction
24,32,4,forward,3,forward,True,direction
24,33,1,lateral,3,lateral,True,direction
24,33,2,lateral,3,lateral,True,direction
24,33,3,lateral,3,lateral,True,direction
24,33,4,lateral,3,lateral,True,direction
24,33,5,lateral,3,lateral,True,direction
24,34,1,backward,3,backward,True,direction
24,34,2,backward,3,backward,True,direction
24,34,3,backward,3,backward,True,direction
24,34,4,backward,3,backward,True,direction
25,20,1,forward,3,forward,True,direction
25,20,2,forward,3,forward,True,direction
25,20,3,forward,3,forward,True,direction
25,20,4,forward,3,forward,True,direction
25,20,5,forward,3,forward,True,direction
25,21,1,backward,3,backward,True,direction
25,21,2,backward,3,backward,True,direction
25,21,3,backward,3,backward,True,direction
25,21,4,backward,3,backward,True,direction
25,21,5,backward,3,backward,True,direction
25,22,1,lateral,3,forward,False,direction
25,22,2,lateral,3,forward,False,direction
25,22,3,lateral,3,forward,False,direction
25,22,4,lateral,3,lateral,True,direction
25,22,5,lateral,3,forward,False,direction
25,23,1,forward,3,forward,True,direction
25,23,2,forward,3,forward,True,direction
25,23,3,forward,3,forward,True,direction
25,23,4,forward,3,forward,True,direction
25,23,5,forward,3,forward,True,direction
25,24,1,lateral,3,lateral,True,direction
25,24,2,lateral,3,forward,False,direction
25,24,3,lateral,3,lateral,True,direction
25,24,4,lateral,3,lateral,True,direction
25,24,5,lateral,3,lateral,True,direction
25,25,1,forward,3,forward,True,direction
25,25,2,forward,3,forward,True,direction
25,25,3,forward,3,forward,True,direction
25,25,4,forward,3,forward,True,direction
25,25,5,forward,3,forward,True,direction
25,26,1,lateral,3,lateral,True,direction
25,26,2,lateral,3,lateral,True,direction
25,26,3,lateral,3,lateral,True,direction
25,26,4,lateral,3,lateral,True,direction
25,26,5,lateral,3,lateral,True,direction
25,27,1,backward,3,backward,True,direction
25,27,2,backward,3,backward,True,direction
25,27,3,backward,3,backward,True,direction
25,27,4,backward,3,backward,True,direction
25,27,5,backward,3,backward,True,direction
25,28,1,forward,3,forward,True,direction
25,28,2,forward,3,forward,True,direction
25,28,3,forward,3,forward,True,direction
25,28,4,forward,3,forward,True,direction
25,28,5,forward,3,forward,True,direction
25,29,1,unspecified,3,unspecified,True,direction
25,29,2,unspecified,3,unspecified,True,direction
25,29,3,unspecified,3,unspecified,True,direction
25,29,4,unspecified,3,unspecified,True,direction
25,29,5,unspecified,3,unspecified,True,direction
25,30,1,forward,3,forward,True,direction
25,30,2,forward,3,forward,True,direction
25,30,3,forward,3,forward,True,direction
25,30,4,forward,3,forward,True,direction
25,30,5,forward,3,forward,True,direction
25,31,1,forward,3,forward,True,direction
25,31,2,forward,3,forward,True,direction
25,31,3,forward,3,forward,True,direction
25,31,4,forward,3,forward,True,direction
25,31,5,forward,3,forward,True,direction
25,32,1,forward,3,forward,True,direction
25,32,2,forward,3,forward,True,direction
25,32,3,forward,3,forward,True,direction
25,32,4,forward,3,forward,True,direction
25,32,5,forward,3,forward,True,direction
25,33,1,lateral,3,lateral,True,direction
25,33,2,lateral,3,lateral,True,direction
25,33,3,lateral,3,lateral,True,direction
25,33,4,lateral,3,lateral,True,direction
25,33,5,lateral,3,lateral,True,direction
25,34,1,backward,3,backward,True,direction
25,34,2,backward,3,backward,True,direction
25,34,3,backward,3,backward,True,direction
25,34,4,backward,3,backward,True,direction
25,34,5,backward,3,backward,True,direction
10,20,1,forward,4,forward,True,direction
10,20,2,forward,4,forward,True,direction
10,20,3,forward,4,forward,True,direction
10,20,4,forward,4,forward,True,direction
10,20,5,forward,4,forward,True,direction
10,21,1,backward,4,backward,True,direction
10,21,2,backward,4,backward,True,direction
10,21,3,backward,4,backward,True,direction
10,21,4,backward,4,backward,True,direction
10,21,5,backward,4,backward,True,direction
10,22,1,lateral,4,lateral,True,direction
10,22,2,lateral,4,lateral,True,direction
10,22,3,lateral,4,lateral,True,direction
10,22,4,lateral,4,lateral,True,direction
10,22,5,lateral,4,lateral,True,direction
10,23,1,forward,4,forward,True,direction
10,23,2,forward,4,forward,True,direction
10,23,3,forward,4,forward,True,direction
10,23,4,forward,4,forward,True,direction
10,23,5,forward,4,forward,True,direction
10,24,1,lateral,4,lateral,True,direction
10,24,2,lateral,4,lateral,True,direction
10,24,3,lateral,4,lateral,True,direction
10,24,4,lateral,4,lateral,True,direction
10,24,5,lateral,4,lateral,True,direction
10,25,1,forward,4,forward,True,direction
10,25,2,forward,4,forward,True,direction
10,25,3,forward,4,forward,True,direction
10,25,4,forward,4,forward,True,direction
10,25,5,forward,4,forward,True,direction
10,26,1,lateral,4,lateral,True,direction
10,26,2,lateral,4,lateral,True,direction
10,26,3,lateral,4,lateral,True,direction
10,26,4,lateral,4,lateral,True,direction
10,26,5,lateral,4,lateral,True,direction
10,27,1,backward,4,backward,True,direction
10,27,2,backward,4,backward,True,direction
10,27,3,backward,4,backward,True,direction
10,27,4,backward,4,backward,True,direction
10,27,5,backward,4,backward,True,direction
10,28,1,forward,4,forward,True,direction
10,28,2,forward,4,forward,True,direction
10,28,3,forward,4,forward,True,direction
10,28,4,forward,4,forward,True,direction
10,28,5,forward,4,forward,True,direction
10,29,1,unspecified,4,unspecified,True,direction
10,29,2,unspecified,4,unspecified,True,direction
10,29,3,unspecified,4,unspecified,True,direction
10,29,4,unspecified,4,unspecified,True,direction
10,29,5,unspecified,4,unspecified,True,direction
10,30,1,forward,4,forward,True,direction
10,30,2,forward,4,forward,True,direction
10,30,3,forward,4,forward,True,direction
10,30,4,forward,4,forward,True,direction
10,30,5,forward,4,forward,True,direction
10,31,1,forward,4,forward,True,direction
10,31,3,forward,4,forward,True,direction
10,31,4,forward,4,forward,True,direction
10,31,5,forward,4,forward,True,direction
10,32,1,forward,4,forward,True,direction
10,32,2,forward,4,forward,True,direction
10,32,3,forward,4,forward,True,direction
10,32,4,forward,4,forward,True,direction
10,32,5,forward,4,forward,True,direction
10,33,1,lateral,4,lateral,True,direction
10,33,2,lateral,4,lateral,True,direction
10,33,3,lateral,4,lateral,True,direction
10,33,4,lateral,4,lateral,True,direction
10,33,5,lateral,4,lateral,True,direction
10,34,1,backward,4,backward,True,direction
10,34,2,backward,4,backward,True,direction
10,34,3,backward,4,backward,True,direction
10,34,4,backward,4,backward,True,direction
10,34,5,backward,4,backward,True,direction
20,20,1,forward,4,forward,True,direction
20,20,2,forward,4,forward,True,direction
20,20,3,forward,4,forward,True,direction
20,20,4,forward,4,forward,True,direction
20,20,5,forward,4,forward,True,direction
20,21,1,backward,4,backward,True,direction
20,21,2,backward,4,backward,True,direction
20,21,3,backward,4,backward,True,direction
20,21,4,backward,4,backward,True,direction
20,21,5,backward,4,backward,True,direction
20,22,1,lateral,4,lateral,True,direction
20,22,2,lateral,4,lateral,True,direction
20,22,3,lateral,4,lateral,True,direction
20,22,4,lateral,4,lateral,True,direction
20,22,5,lateral,4,lateral,True,direction
20,23,1,forward,4,forward,True,direction
20,23,2,forward,4,forward,True,direction
20,23,3,forward,4,forward,True,direction
20,23,4,forward,4,forward,True,direction
20,23,5,forward,4,forward,True,direction
20,24,1,lateral,4,lateral,True,direction
20,24,2,lateral,4,lateral,True,direction
20,24,3,lateral,4,lateral,True,direction
20,24,4,lateral,4,lateral,True,direction
20,24,5,lateral,4,lateral,True,direction
20,25,1,forward,4,forward,True,direction
20,25,2,forward,4,forward,True,direction
20,25,3,forward,4,forward,True,direction
20,25,4,forward,4,forward,True,direction
20,25,5,forward,4,forward,True,direction
20,26,1,lateral,4,lateral,True,direction
20,26,2,lateral,4,lateral,True,direction
20,26,3,lateral,4,lateral,True,direction
20,26,4,lateral,4,lateral,True,direction
20,26,5,lateral,4,lateral,True,direction
20,27,1,backward,4,backward,True,direction
20,27,2,backward,4,backward,True,direction
20,27,3,backward,4,backward,True,direction
20,27,4,backward,4,backward,True,direction
20,27,5,backward,4,backward,True,direction
20,28,1,forward,4,forward,True,direction
20,28,2,forward,4,forward,True,direction
20,28,3,forward,4,forward,True,direction
20,28,4,forward,4,forward,True,direction
20,29,1,unspecified,4,unspecified,True,direction
20,29,2,unspecified,4,unspecified,True,direction
20,29,3,unspecified,4,unspecified,True,direction
20,29,5,unspecified,4,unspecified,True,direction
20,30,2,forward,4,forward,True,direction
20,30,3,forward,4,forward,True,direction
20,30,4,forward,4,forward,True,direction
20,30,5,forward,4,forward,True,direction
20,31,1,forward,4,forward,True,direction
20,31,2,forward,4,forward,True,direction
20,31,3,forward,4,forward,True,direction
20,31,5,forward,4,forward,True,direction
20,32,1,forward,4,forward,True,direction
20,32,2,forward,4,forward,True,direction
20,32,3,forward,4,forward,True,direction
20,32,4,forward,4,forward,True,direction
20,32,5,forward,4,forward,True,direction
20,33,1,lateral,4,lateral,True,direction
20,33,2,lateral,4,lateral,True,direction
20,33,3,lateral,4,lateral,True,direction
20,33,4,lateral,4,lateral,True,direction
20,33,5,lateral,4,lateral,True,direction
20,34,1,backward,4,backward,True,direction
20,34,2,backward,4,backward,True,direction
20,34,3,backward,4,backward,True,direction
20,34,4,backward,4,backward,True,direction
20,34,5,backward,4,backward,True,direction
23,20,1,forward,4,forward,True,direction
23,20,2,forward,4,forward,True,direction
23,20,3,forward,4,forward,True,direction
23,20,4,forward,4,forward,True,direction
23,20,5,forward,4,forward,True,direction
23,21,1,backward,4,backward,True,direction
23,21,2,backward,4,backward,True,direction
23,21,3,backward,4,backward,True,direction
23,21,4,backward,4,backward,True,direction
23,21,5,backward,4,backward,True,direction
23,22,1,lateral,4,lateral,True,direction
23,22,2,lateral,4,lateral,True,direction
23,22,3,lateral,4,lateral,True,direction
23,22,4,lateral,4,lateral,True,direction
23,22,5,lateral,4,lateral,True,direction
23,23,1,forward,4,forward,True,direction
23,23,2,forward,4,forward,True,direction
23,23,3,forward,4,forward,True,direction
23,23,4,forward,4,forward,True,direction
23,23,5,forward,4,forward,True,direction
23,24,1,lateral,4,lateral,True,direction
23,24,2,lateral,4,lateral,True,direction
23,24,3,lateral,4,lateral,True,direction
23,24,4,lateral,4,lateral,True,direction
23,24,5,lateral,4,lateral,True,direction
23,25,1,forward,4,forward,True,direction
23,25,2,forward,4,forward,True,direction
23,25,3,forward,4,forward,True,direction
23,25,4,forward,4,forward,True,direction
23,25,5,forward,4,forward,True,direction
23,26,1,lateral,4,lateral,True,direction
23,26,2,lateral,4,lateral,True,direction
23,26,3,lateral,4,lateral,True,direction
23,26,4,lateral,4,lateral,True,direction
23,26,5,lateral,4,lateral,True,direction
23,27,1,backward,4,backward,True,direction
23,27,2,backward,4,backward,True,direction
23,27,3,backward,4,backward,True,direction
23,27,4,backward,4,backward,True,direction
23,27,5,backward,4,backward,True,direction
23,28,1,forward,4,forward,True,direction
23,28,2,forward,4,forward,True,direction
23,28,3,forward,4,forward,True,direction
23,28,4,forward,4,forward,True,direction
23,28,5,forward,4,forward,True,direction
23,29,1,unspecified,4,unspecified,True,direction
23,29,2,unspecified,4,unspecified,True,direction
23,29,3,unspecified,4,unspecified,True,direction
23,29,4,unspecified,4,unspecified,True,direction
23,29,5,unspecified,4,lateral,False,direction
23,30,1,forward,4,forward,True,direction
23,30,2,forward,4,forward,True,direction
23,30,3,forward,4,forward,True,direction
23,30,4,forward,4,forward,True,direction
23,30,5,forward,4,forward,True,direction
23,31,1,forward,4,forward,True,direction
23,31,2,forward,4,forward,True,direction
23,31,3,forward,4,forward,True,direction
23,31,4,forward,4,forward,True,direction
23,31,5,forward,4,forward,True,direction
23,32,1,forward,4,forward,True,direction
23,32,2,forward,4,forward,True,direction
23,32,3,forward,4,forward,True,direction
23,32,4,forward,4,forward,True,direction
23,32,5,forward,4,forward,True,direction
23,33,1,lateral,4,lateral,True,direction
23,33,2,lateral,4,lateral,True,direction
23,33,3,lateral,4,lateral,True,direction
23,33,4,lateral,4,lateral,True,direction
23,33,5,lateral,4,lateral,True,direction
23,34,1,backward,4,backward,True,direction
23,34,2,backward,4,backward,True,direction
23,34,3,backward,4,backward,True,direction
23,34,4,backward,4,backward,True,direction
23,34,5,backward,4,lateral,False,direction
31,20,1,forward,4,forward,True,direction
31,20,2,forward,4,forward,True,direction
31,20,3,forward,4,forward,True,direction
31,20,4,forward,4,forward,True,direction
31,20,5,forward,4,forward,True,direction
31,21,1,backward,4,backward,True,direction
31,21,2,backward,4,backward,True,direction
31,21,3,backward,4,backward,True,direction
31,21,4,backward,4,backward,True,direction
31,21,5,backward,4,backward,True,direction
31,22,1,lateral,4,lateral,True,direction
31,22,2,lateral,4,lateral,True,direction
31,22,3,lateral,4,lateral,True,direction
31,22,4,lateral,4,lateral,True,direction
31,22,5,lateral,4,lateral,True,direction
31,23,1,forward,4,forward,True,direction
31,23,2,forward,4,forward,True,direction
31,23,3,forward,4,forward,True,direction
31,23,4,forward,4,forward,True,direction
31,23,5,forward,4,forward,True,direction
31,24,1,lateral,4,lateral,True,direction
31,24,2,lateral,4,lateral,True,direction
31,24,3,lateral,4,lateral,True,direction
31,24,4,lateral,4,lateral,True,direction
31,24,5,lateral,4,lateral,True,direction
31,25,1,forward,4,forward,True,direction
31,25,2,forward,4,forward,True,direction
31,25,3,forward,4,forward,True,direction
31,25,4,forward,4,forward,True,direction
31,25,5,forward,4,forward,True,direction
31,26,1,lateral,4,lateral,True,direction
31,26,2,lateral,4,lateral,True,direction
31,26,3,lateral,4,lateral,True,direction
31,26,4,lateral,4,lateral,True,direction
31,26,5,lateral,4,lateral,True,direction
31,27,1,backward,4,backward,True,direction
31,27,2,backward,4,backward,True,direction
31,27,3,backward,4,backward,True,direction
31,27,4,backward,4,backward,True,direction
31,27,5,backward,4,backward,True,direction
31,28,1,forward,4,forward,True,direction
31,28,2,forward,4,forward,True,direction
31,28,3,forward,4,forward,True,direction
31,28,4,forward,4,forward,True,direction
31,29,1,unspecified,4,unspecified,True,direction
31,29,3,unspecified,4,unspecified,True,direction
31,29,4,unspecified,4,unspecified,True,direction
31,29,5,unspecified,4,unspecified,True,direction
31,30,1,forward,4,forward,True,direction
31,30,2,forward,4,forward,True,direction
31,30,3,forward,4,forward,True,direction
31,30,4,forward,4,forward,True,direction
31,30,5,forward,4,forward,True,direction
31,31,1,forward,4,forward,True,direction
31,31,2,forward,4,forward,True,direction
31,31,4,forward,4,forward,True,direction
31,31,5,forward,4,lateral,False,direction
31,32,1,forward,4,forward,True,direction
31,32,2,forward,4,forward,True,direction
31,32,3,forward,4,forward,True,direction
31,32,4,forward,4,forward,True,direction
31,32,5,forward,4,forward,True,direction
31,33,1,lateral,4,lateral,True,direction
31,33,2,lateral,4,lateral,True,direction
31,33,3,lateral,4,lateral,True,direction
31,33,4,lateral,4,lateral,True,direction
31,33,5,lateral,4,lateral,True,direction
31,34,1,backward,4,backward,True,direction
31,34,4,backward,4,backward,True,direction
31,34,5,backward,4,backward,True,direction
33,20,1,forward,4,forward,True,direction
33,20,2,forward,4,forward,True,direction
33,20,3,forward,4,forward,True,direction
33,20,4,forward,4,forward,True,direction
33,20,5,forward,4,forward,True,direction
33,21,1,backward,4,backward,True,direction
33,21,2,backward,4,backward,True,direction
33,21,3,backward,4,backward,True,direction
33,21,4,backward,4,backward,True,direction
33,21,5,backward,4,backward,True,direction
33,22,1,lateral,4,lateral,True,direction
33,22,2,lateral,4,lateral,True,direction
33,22,3,lateral,4,lateral,True,direction
33,22,4,lateral,4,lateral,True,direction
33,22,5,lateral,4,lateral,True,direction
33,23,1,forward,4,forward,True,direction
33,23,3,forward,4,forward,True,direction
33,23,4,forward,4,forward,True,direction
33,23,5,forward,4,forward,True,direction
33,24,1,lateral,4,lateral,True,direction
33,24,2,lateral,4,lateral,True,direction
33,24,3,lateral,4,lateral,True,direction
33,24,4,lateral,4,lateral,True,direction
33,24,5,lateral,4,lateral,True,direction
33,25,1,forward,4,forward,True,direction
33,25,2,forward,4,forward,True,direction
33,25,3,forward,4,forward,True,direction
33,25,4,forward,4,forward,True,direction
33,25,5,forward,4,forward,True,direction
33,26,1,lateral,4,lateral,True,direction
33,26,2,lateral,4,lateral,True,direction
33,26,3,lateral,4,lateral,True,direction
33,26,4,lateral,4,lateral,True,direction
33,26,5,lateral,4,lateral,True,direction
33,27,1,backward,4,backward,True,direction
33,27,2,backward,4,backward,True,direction
33,27,3,backward,4,backward,True,direction
33,27,4,backward,4,backward,True,direction
33,27,5,backward,4,backward,True,direction
33,28,1,forward,4,forward,True,direction
33,28,2,forward,4,forward,True,direction
33,28,3,forward,4,forward,True,direction
33,28,4,forward,4,forward,True,direction
33,28,5,forward,4,forward,True,direction
33,29,1,unspecified,4,backward,False,direction
33,29,2,unspecified,4,unspecified,True,direction
33,29,3,unspecified,4,unspecified,True,direction
33,29,4,unspecified,4,unspecified,True,direction
33,29,5,unspecified,4,unspecified,True,direction
33,30,1,forward,4,forward,True,direction
33,30,2,forward,4,forward,True,direction
33,30,3,forward,4,forward,True,direction
33,30,4,forward,4,forward,True,direction
33,30,5,forward,4,forward,True,direction
33,31,1,forward,4,forward,True,direction
33,31,2,forward,4,forward,True,direction
33,31,3,forward,4,forward,True,direction
33,31,4,forward,4,forward,True,direction
33,31,5,forward,4,forward,True,direction
33,32,1,forward,4,forward,True,direction
33,32,2,forward,4,forward,True,direction
33,32,3,forward,4,forward,True,direction
33,32,4,forward,4,forward,True,direction
33,32,5,forward,4,forward,True,direction
33,33,1,lateral,4,lateral,True,direction
33,33,2,lateral,4,forward,False,direction
33,33,3,lateral,4,forward,False,direction
33,33,4,lateral,4,lateral,True,direction
33,33,5,lateral,4,lateral,True,direction
33,34,1,backward,4,backward,True,direction
33,34,2,backward,4,backward,True,direction
33,34,3,backward,4,backward,True,direction
33,34,4,backward,4,backward,True,direction
33,34,5,backward,4,backward,True,direction
38,20,1,forward,4,forward,True,direction
38,20,2,forward,4,forward,True,direction
38,20,3,forward,4,forward,True,direction
38,20,4,forward,4,forward,True,direction
38,20,5,forward,4,forward,True,direction
38,21,1,backward,4,backward,True,direction
38,21,2,backward,4,backward,True,direction
38,21,3,backward,4,backward,True,direction
38,21,4,backward,4,backward,True,direction
38,21,5,backward,4,backward,True,direction
38,22,1,lateral,4,lateral,True,direction
38,22,2,lateral,4,lateral,True,direction
38,22,3,lateral,4,lateral,True,direction
38,22,4,lateral,4,lateral,True,direction
38,22,5,lateral,4,lateral,True,direction
38,23,1,forward,4,forward,True,direction
38,23,2,forward,4,forward,True,direction
38,23,3,forward,4,forward,True,direction
38,23,4,forward,4,forward,True,direction
38,23,5,forward,4,forward,True,direction
38,24,1,lateral,4,lateral,True,direction
38,24,2,lateral,4,lateral,True,direction
38,24,3,lateral,4,lateral,True,direction
38,24,4,lateral,4,lateral,True,direction
38,24,5,lateral,4,lateral,True,direction
38,25,1,forward,4,forward,True,direction
38,25,2,forward,4,forward,True,direction
38,25,3,forward,4,forward,True,direction
38,25,4,forward,4,forward,True,direction
38,25,5,forward,4,forward,True,direction
38,26,1,lateral,4,lateral,True,direction
38,26,2,lateral,4,lateral,True,direction
38,26,3,lateral,4,lateral,True,direction
38,26,4,lateral,4,lateral,True,direction
38,26,5,lateral,4,lateral,True,direction
38,27,1,backward,4,backward,True,direction
38,27,2,backward,4,backward,True,direction
38,27,3,backward,4,backward,True,direction
38,27,4,backward,4,backward,True,direction
38,27,5,backward,4,backward,True,direction
38,28,1,forward,4,forward,True,direction
38,28,2,forward,4,forward,True,direction
38,28,3,forward,4,forward,True,direction
38,28,4,forward,4,forward,True,direction
38,28,5,forward,4,forward,True,direction
38,29,1,unspecified,4,unspecified,True,direction
38,29,2,unspecified,4,unspecified,True,direction
38,29,3,unspecified,4,unspecified,True,direction
38,29,4,unspecified,4,unspecified,True,direction
38,30,1,forward,4,forward,True,direction
38,30,2,forward,4,forward,True,direction
38,30,3,forward,4,forward,True,direction
38,30,4,forward,4,lateral,False,direction
38,30,5,forward,4,forward,True,direction
38,31,1,forward,4,forward,True,direction
38,31,2,forward,4,forward,True,direction
38,31,3,forward,4,forward,True,direction
38,31,4,forward,4,forward,True,direction
38,31,5,forward,4,forward,True,direction
38,32,1,forward,4,forward,True,direction
38,32,2,forward,4,forward,True,direction
38,32,3,forward,4,forward,True,direction
38,32,4,forward,4,forward,True,direction
38,32,5,forward,4,forward,True,direction
38,33,1,lateral,4,lateral,True,direction
38,33,2,lateral,4,lateral,True,direction
38,33,3,lateral,4,lateral,True,direction
38,33,4,lateral,4,lateral,True,direction
38,33,5,lateral,4,lateral,True,direction
38,34,1,backward,4,backward,True,direction
38,34,2,backward,4,backward,True,direction
38,34,3,backward,4,backward,True,direction
38,34,4,backward,4,backward,True,direction
38,34,5,backward,4,backward,True,direction
9,20,2,forward,5,forward,True,direction
9,20,3,forward,5,forward,True,direction
9,20,4,forward,5,forward,True,direction
9,20,5,forward,5,forward,True,direction
9,21,1,backward,5,backward,True,direction
9,21,2,backward,5,backward,True,direction
9,21,3,backward,5,backward,True,direction
9,21,4,backward,5,backward,True,direction
9,21,5,backward,5,backward,True,direction
9,22,1,lateral,5,lateral,True,direction
9,22,2,lateral,5,lateral,True,direction
9,22,3,lateral,5,lateral,True,direction
9,22,4,lateral,5,lateral,True,direction
9,22,5,lateral,5,lateral,True,direction
9,23,1,forward,5,forward,True,direction
9,23,2,forward,5,forward,True,direction
9,23,3,forward,5,forward,True,direction
9,23,4,forward,5,forward,True,direction
9,23,5,forward,5,forward,True,direction
9,24,1,lateral,5,lateral,True,direction
9,24,2,lateral,5,lateral,True,direction
9,24,3,lateral,5,lateral,True,direction
9,24,4,lateral,5,lateral,True,direction
9,24,5,lateral,5,lateral,True,direction
9,25,1,forward,5,forward,True,direction
9,25,2,forward,5,forward,True,direction
9,25,3,forward,5,forward,True,direction
9,25,4,forward,5,forward,True,direction
9,25,5,forward,5,forward,True,direction
9,26,1,lateral,5,lateral,True,direction
9,26,2,lateral,5,lateral,True,direction
9,26,3,lateral,5,lateral,True,direction
9,26,4,lateral,5,lateral,True,direction
9,26,5,lateral,5,lateral,True,direction
9,27,1,backward,5,backward,True,direction
9,27,2,backward,5,backward,True,direction
9,27,3,backward,5,backward,True,direction
9,27,4,backward,5,backward,True,direction
9,27,5,backward,5,backward,True,direction
9,28,1,forward,5,forward,True,direction
9,28,2,forward,5,forward,True,direction
9,28,3,forward,5,forward,True,direction
9,28,4,forward,5,forward,True,direction
9,28,5,forward,5,forward,True,direction
9,29,1,unspecified,5,unspecified,True,direction
9,29,2,unspecified,5,unspecified,True,direction
9,29,3,unspecified,5,unspecified,True,direction
9,29,4,unspecified,5,unspecified,True,direction
9,29,5,unspecified,5,unspecified,True,direction
9,30,1,forward,5,forward,True,direction
9,30,2,forward,5,forward,True,direction
9,30,3,forward,5,forward,True,direction
9,30,4,forward,5,forward,True,direction
9,30,5,forward,5,forward,True,direction
9,31,1,forward,5,forward,True,direction
9,31,2,forward,5,forward,True,direction
9,31,3,forward,5,forward,True,direction
9,31,4,forward,5,forward,True,direction
9,31,5,forward,5,forward,True,direction
9,32,1,forward,5,forward,True,direction
9,32,2,forward,5,forward,True,direction
9,32,3,forward,5,forward,True,direction
9,32,4,forward,5,forward,True,direction
9,32,5,forward,5,forward,True,direction
9,33,1,lateral,5,lateral,True,direction
9,33,2,lateral,5,lateral,True,direction
9,33,3,lateral,5,lateral,True,direction
9,33,4,lateral,5,lateral,True,direction
9,33,5,lateral,5,lateral,True,direction
9,34,1,backward,5,backward,True,direction
9,34,2,backward,5,backward,True,direction
9,34,3,backward,5,backward,True,direction
9,34,4,backward,5,backward,True,direction
9,34,5,backward,5,backward,True,direction
18,20,1,forward,5,forward,True,direction
18,20,2,forward,5,forward,True,direction
18,20,3,forward,5,forward,True,direction
18,20,4,forward,5,forward,True,direction
18,20,5,forward,5,forward,True,direction
18,21,1,backward,5,backward,True,direction
18,21,2,backward,5,backward,True,direction
18,21,3,backward,5,backward,True,direction
18,21,4,backward,5,backward,True,direction
18,21,5,backward,5,backward,True,direction
18,22,1,lateral,5,lateral,True,direction
18,22,2,lateral,5,lateral,True,direction
18,22,3,lateral,5,lateral,True,direction
18,22,4,lateral,5,lateral,True,direction
18,22,5,lateral,5,lateral,True,direction
18,23,1,forward,5,forward,True,direction
18,23,2,forward,5,forward,True,direction
18,23,3,forward,5,forward,True,direction
18,23,4,forward,5,forward,True,direction
18,23,5,forward,5,forward,True,direction
18,24,1,lateral,5,lateral,True,direction
18,24,2,lateral,5,lateral,True,direction
18,24,3,lateral,5,lateral,True,direction
18,24,4,lateral,5,lateral,True,direction
18,24,5,lateral,5,lateral,True,direction
18,25,1,forward,5,forward,True,direction
18,25,2,forward,5,forward,True,direction
18,25,3,forward,5,forward,True,direction
18,25,4,forward,5,forward,True,direction
18,25,5,forward,5,forward,True,direction
18,26,1,lateral,5,lateral,True,direction
18,26,2,lateral,5,lateral,True,direction
18,26,3,lateral,5,lateral,True,direction
18,26,4,lateral,5,lateral,True,direction
18,26,5,lateral,5,lateral,True,direction
18,27,1,backward,5,backward,True,direction
18,27,2,backward,5,backward,True,direction
18,27,3,backward,5,backward,True,direction
18,27,4,backward,5,backward,True,direction
18,27,5,backward,5,backward,True,direction
18,28,1,forward,5,forward,True,direction
18,28,2,forward,5,forward,True,direction
18,28,3,forward,5,forward,True,direction
18,28,4,forward,5,forward,True,direction
18,28,5,forward,5,forward,True,direction
18,29,1,unspecified,5,unspecified,True,direction
18,29,2,unspecified,5,unspecified,True,direction
18,29,3,unspecified,5,unspecified,True,direction
18,29,4,unspecified,5,unspecified,True,direction
18,29,5,unspecified,5,unspecified,True,direction
18,30,1,forward,5,forward,True,direction
18,30,2,forward,5,forward,True,direction
18,30,3,forward,5,forward,True,direction
18,30,4,forward,5,forward,True,direction
18,30,5,forward,5,forward,True,direction
18,31,1,forward,5,forward,True,direction
18,31,2,forward,5,forward,True,direction
18,31,3,forward,5,forward,True,direction
18,31,4,forward,5,forward,True,direction
18,31,5,forward,5,forward,True,direction
18,32,1,forward,5,forward,True,direction
18,32,2,forward,5,forward,True,direction
18,32,3,forward,5,forward,True,direction
18,32,4,forward,5,forward,True,direction
18,32,5,forward,5,forward,True,direction
18,33,1,lateral,5,lateral,True,direction
18,33,2,lateral,5,lateral,True,direction
18,33,3,lateral,5,lateral,True,direction
18,33,4,lateral,5,lateral,True,direction
18,33,5,lateral,5,lateral,True,direction
18,34,1,backward,5,backward,True,direction
18,34,2,backward,5,backward,True,direction
18,34,3,backward,5,backward,True,direction
18,34,4,backward,5,backward,True,direction
18,34,5,backward,5,backward,True,direction
19,20,1,forward,5,forward,True,direction
19,20,2,forward,5,forward,True,direction
19,20,3,forward,5,forward,True,direction
19,20,4,forward,5,forward,True,direction
19,20,5,forward,5,forward,True,direction
19,21,1,backward,5,backward,True,direction
19,21,2,backward,5,backward,True,direction
19,21,3,backward,5,backward,True,direction
19,21,4,backward,5,backward,True,direction
19,21,5,backward,5,backward,True,direction
19,22,1,lateral,5,lateral,True,direction
19,22,2,lateral,5,lateral,True,direction
19,22,4,lateral,5,lateral,True,direction
19,22,5,lateral,5,lateral,True,direction
19,23,1,forward,5,forward,True,direction
19,23,2,forward,5,forward,True,direction
19,23,3,forward,5,forward,True,direction
19,23,4,forward,5,forward,True,direction
19,23,5,forward,5,forward,True,direction
19,24,1,lateral,5,lateral,True,direction
19,24,2,lateral,5,lateral,True,direction
19,24,3,lateral,5,lateral,True,direction
19,24,4,lateral,5,lateral,True,direction
19,24,5,lateral,5,lateral,True,direction
19,25,1,forward,5,forward,True,direction
19,25,2,forward,5,forward,True,direction
19,25,3,forward,5,forward,True,direction
19,25,4,forward,5,forward,True,direction
19,25,5,forward,5,forward,True,direction
19,26,1,lateral,5,lateral,True,direction
19,26,2,lateral,5,lateral,True,direction
19,26,3,lateral,5,lateral,True,direction
19,26,4,lateral,5,lateral,True,direction
19,26,5,lateral,5,lateral,True,direction
19,27,1,backward,5,backward,True,direction
19,27,2,backward,5,backward,True,direction
19,27,3,backward,5,backward,True,direction
19,27,4,backward,5,backward,True,direction
19,27,5,backward,5,backward,True,direction
19,28,1,forward,5,forward,True,direction
19,28,2,forward,5,forward,True,direction
19,28,3,forward,5,forward,True,direction
19,28,4,forward,5,forward,True,direction
19,28,5,forward,5,forward,True,direction
19,29,1,unspecified,5,lateral,False,direction
19,29,2,unspecified,5,lateral,False,direction
19,29,3,unspecified,5,lateral,False,direction
19,29,4,unspecified,5,lateral,False,direction
19,29,5,unspecified,5,lateral,False,direction
19,30,1,forward,5,forward,True,direction
19,30,2,forward,5,forward,True,direction
19,30,3,forward,5,forward,True,direction
19,30,4,forward,5,forward,True,direction
19,30,5,forward,5,forward,True,direction
19,31,2,forward,5,forward,True,direction
19,31,3,forward,5,forward,True,direction
19,32,1,forward,5,forward,True,direction
19,32,2,forward,5,forward,True,direction
19,32,3,forward,5,forward,True,direction
19,32,4,forward,5,forward,True,direction
19,32,5,forward,5,forward,True,direction
19,33,1,lateral,5,lateral,True,direction
19,33,2,lateral,5,lateral,True,direction
19,33,3,lateral,5,lateral,True,direction
19,33,4,lateral,5,lateral,True,direction
19,33,5,lateral,5,lateral,True,direction
19,34,1,backward,5,backward,True,direction
19,34,2,backward,5,backward,True,direction
19,34,3,backward,5,backward,True,direction
19,34,4,backward,5,backward,True,direction
19,34,5,backward,5,backward,True,direction
28,20,1,forward,5,forward,True,direction
28,20,2,forward,5,forward,True,direction
28,20,3,forward,5,forward,True,direction
28,20,4,forward,5,forward,True,direction
28,20,5,forward,5,forward,True,direction
28,21,1,backward,5,backward,True,direction
28,21,2,backward,5,backward,True,direction
28,21,3,backward,5,backward,True,direction
28,21,4,backward,5,backward,True,direction
28,21,5,backward,5,backward,True,direction
28,22,1,lateral,5,lateral,True,direction
28,22,2,lateral,5,lateral,True,direction
28,22,3,lateral,5,lateral,True,direction
28,22,4,lateral,5,lateral,True,direction
28,22,5,lateral,5,lateral,True,direction
28,23,1,forward,5,forward,True,direction
28,23,2,forward,5,forward,True,direction
28,23,4,forward,5,forward,True,direction
28,23,5,forward,5,forward,True,direction
28,24,1,lateral,5,lateral,True,direction
28,24,2,lateral,5,lateral,True,direction
28,24,3,lateral,5,lateral,True,direction
28,24,4,lateral,5,lateral,True,direction
28,24,5,lateral,5,lateral,True,direction
28,25,1,forward,5,forward,True,direction
28,25,2,forward,5,forward,True,direction
28,25,3,forward,5,forward,True,direction
28,25,4,forward,5,forward,True,direction
28,25,5,forward,5,forward,True,direction
28,26,1,lateral,5,lateral,True,direction
28,26,2,lateral,5,lateral,True,direction
28,26,3,lateral,5,lateral,True,direction
28,26,4,lateral,5,lateral,True,direction
28,26,5,lateral,5,lateral,True,direction
28,27,1,backward,5,backward,True,direction
28,27,2,backward,5,backward,True,direction
28,27,3,backward,5,backward,True,direction
28,27,4,backward,5,backward,True,direction
28,27,5,backward,5,backward,True,direction
28,28,1,forward,5,forward,True,direction
28,28,2,forward,5,forward,True,direction
28,28,3,forward,5,forward,True,direction
28,28,5,forward,5,forward,True,direction
28,29,1,unspecified,5,lateral,False,direction
28,29,2,unspecified,5,lateral,False,direction
28,29,3,unspecified,5,lateral,False,direction
28,29,5,unspecified,5,unspecified,True,direction
28,30,1,forward,5,forward,True,direction
28,30,2,forward,5,forward,True,direction
28,30,3,forward,5,forward,True,direction
28,30,4,forward,5,forward,True,direction
28,30,5,forward,5,forward,True,direction
28,31,1,forward,5,forward,True,direction
28,31,2,forward,5,forward,True,direction
28,31,3,forward,5,forward,True,direction
28,31,4,forward,5,forward,True,direction
28,32,1,forward,5,forward,True,direction
28,32,2,forward,5,forward,True,direction
28,32,3,forward,5,forward,True,direction
28,32,4,forward,5,forward,True,direction
28,32,5,forward,5,forward,True,direction
28,33,2,lateral,5,lateral,True,direction
28,33,3,lateral,5,lateral,True,direction
28,33,4,lateral,5,lateral,True,direction
28,33,5,lateral,5,lateral,True,direction
28,34,1,backward,5,backward,True,direction
28,34,2,backward,5,backward,True,direction
28,34,3,backward,5,backward,True,direction
28,34,4,backward,5,backward,True,direction
28,34,5,backward,5,backward,True,direction
30,20,1,forward,5,forward,True,direction
30,20,2,forward,5,forward,True,direction
30,20,3,forward,5,forward,True,direction
30,20,4,forward,5,forward,True,direction
30,20,5,forward,5,forward,True,direction
30,21,1,backward,5,backward,True,direction
30,21,2,backward,5,backward,True,direction
30,21,3,backward,5,backward,True,direction
30,21,4,backward,5,backward,True,direction
30,21,5,backward,5,backward,True,direction
30,22,1,lateral,5,lateral,True,direction
30,22,2,lateral,5,lateral,True,direction
30,22,3,lateral,5,lateral,True,direction
30,22,4,lateral,5,lateral,True,direction
30,22,5,lateral,5,lateral,True,direction
30,23,1,forward,5,forward,True,direction
30,23,2,forward,5,forward,True,direction
30,23,3,forward,5,forward,True,direction
30,23,4,forward,5,forward,True,direction
30,23,5,forward,5,forward,True,direction
30,24,1,lateral,5,lateral,True,direction
30,24,2,lateral,5,lateral,True,direction
30,24,3,lateral,5,lateral,True,direction
30,24,4,lateral,5,lateral,True,direction
30,24,5,lateral,5,lateral,True,direction
30,25,1,forward,5,forward,True,direction
30,25,2,forward,5,forward,True,direction
30,25,3,forward,5,forward,True,direction
30,25,4,forward,5,forward,True,direction
30,25,5,forward,5,forward,True,direction
30,26,1,lateral,5,lateral,True,direction
30,26,2,lateral,5,lateral,True,direction
30,26,3,lateral,5,lateral,True,direction
30,26,4,lateral,5,lateral,True,direction
30,26,5,lateral,5,lateral,True,direction
30,27,1,backward,5,backward,True,direction
30,27,2,backward,5,backward,True,direction
30,27,3,backward,5,backward,True,direction
30,27,4,backward,5,backward,True,direction
30,27,5,backward,5,backward,True,direction
30,28,1,forward,5,forward,True,direction
30,28,2,forward,5,forward,True,direction
30,28,3,forward,5,forward,True,direction
30,28,4,forward,5,forward,True,direction
30,28,5,forward,5,forward,True,direction
30,29,1,unspecified,5,unspecified,True,direction
30,29,2,unspecified,5,unspecified,True,direction
30,29,3,unspecified,5,unspecified,True,direction
30,29,5,unspecified,5,unspecified,True,direction
30,30,1,forward,5,forward,True,direction
30,30,2,forward,5,forward,True,direction
30,30,3,forward,5,forward,True,direction
30,30,4,forward,5,forward,True,direction
30,30,5,forward,5,forward,True,direction
30,31,1,forward,5,forward,True,direction
30,31,2,forward,5,forward,True,direction
30,31,3,forward,5,forward,True,direction
30,31,4,forward,5,forward,True,direction
30,31,5,forward,5,forward,True,direction
30,32,1,forward,5,forward,True,direction
30,32,2,forward,5,forward,True,direction
30,32,3,forward,5,forward,True,direction
30,32,4,forward,5,forward,True,direction
30,32,5,forward,5,forward,True,direction
30,33,1,lateral,5,lateral,True,direction
30,33,2,lateral,5,lateral,True,direction
30,33,3,lateral,5,lateral,True,direction
30,33,4,lateral,5,lateral,True,direction
30,33,5,lateral,5,lateral,True,direction
30,34,1,backward,5,backward,True,direction
30,34,2,backward,5,backward,True,direction
30,34,3,backward,5,backward,True,direction
30,34,4,backward,5,backward,True,direction
30,34,5,backward,5,backward,True,direction
35,20,1,forward,5,forward,True,direction
35,20,2,forward,5,forward,True,direction
35,20,3,forward,5,forward,True,direction
35,20,4,forward,5,forward,True,direction
35,20,5,forward,5,forward,True,direction
35,21,1,backward,5,backward,True,direction
35,21,2,backward,5,backward,True,direction
35,21,3,backward,5,backward,True,direction
35,21,4,backward,5,backward,True,direction
35,21,5,backward,5,backward,True,direction
35,22,1,lateral,5,backward,False,direction
35,22,2,lateral,5,backward,False,direction
35,22,3,lateral,5,lateral,True,direction
35,22,4,lateral,5,lateral,True,direction
35,22,5,lateral,5,lateral,True,direction
35,23,1,forward,5,forward,True,direction
35,23,2,forward,5,forward,True,direction
35,23,3,forward,5,forward,True,direction
35,23,4,forward,5,forward,True,direction
35,23,5,forward,5,forward,True,direction
35,24,1,lateral,5,lateral,True,direction
35,24,2,lateral,5,lateral,True,direction
35,24,3,lateral,5,lateral,True,direction
35,24,4,lateral,5,lateral,True,direction
35,24,5,lateral,5,lateral,True,direction
35,25,1,forward,5,forward,True,direction
35,25,2,forward,5,forward,True,direction
35,25,3,forward,5,forward,True,direction
35,25,4,forward,5,forward,True,direction
35,25,5,forward,5,forward,True,direction
35,26,1,lateral,5,lateral,True,direction
35,26,2,lateral,5,lateral,True,direction
35,26,3,lateral,5,lateral,True,direction
35,26,4,lateral,5,lateral,True,direction
35,26,5,lateral,5,lateral,True,direction
35,27,1,backward,5,backward,True,direction
35,27,2,backward,5,backward,True,direction
35,27,3,backward,5,backward,True,direction
35,27,4,backward,5,backward,True,direction
35,27,5,backward,5,backward,True,direction
35,28,1,forward,5,forward,True,direction
35,28,2,forward,5,lateral,False,direction
35,28,3,forward,5,lateral,False,direction
35,28,4,forward,5,forward,True,direction
35,28,5,forward,5,forward,True,direction
35,29,1,unspecified,5,backward,False,direction
35,29,2,unspecified,5,lateral,False,direction
35,29,3,unspecified,5,unspecified,True,direction
35,29,4,unspecified,5,unspecified,True,direction
35,29,5,unspecified,5,unspecified,True,direction
35,30,1,forward,5,forward,True,direction
35,30,2,forward,5,forward,True,direction
35,30,3,forward,5,forward,True,direction
35,30,4,forward,5,forward,True,direction
35,30,5,forward,5,forward,True,direction
35,31,1,forward,5,forward,True,direction
35,31,2,forward,5,forward,True,direction
35,31,3,forward,5,forward,True,direction
35,31,4,forward,5,forward,True,direction
35,31,5,forward,5,lateral,False,direction
35,32,1,forward,5,forward,True,direction
35,32,2,forward,5,forward,True,direction
35,32,3,forward,5,forward,True,direction
35,32,4,forward,5,forward,True,direction
35,32,5,forward,5,forward,True,direction
35,33,1,lateral,5,lateral,True,direction
35,33,2,lateral,5,lateral,True,direction
35,33,3,lateral,5,lateral,True,direction
35,33,4,lateral,5,lateral,True,direction
35,33,5,lateral,5,lateral,True,direction
35,34,1,backward,5,backward,True,direction
35,34,2,backward,5,backward,True,direction
35,34,4,backward,5,backward,True,direction
35,34,5,backward,5,backward,True,direction
6,20,1,sitting,1,standing,False,context
6,20,2,sitting,1,standing,False,context
6,20,3,sitting,1,fainting,False,context
6,20,4,sitting,1,standing,False,context
6,20,5,sitting,1,standing,False,context
6,21,1,sitting,1,sitting,True,context
6,21,2,sitting,1,sitting,True,context
6,21,3,sitting,1,sitting,True,context
6,21,4,sitting,1,sitting,True,context
6,22,1,sitting,1,standing,False,context
6,22,2,sitting,1,standing,False,context
6,22,3,sitting,1,sitting,True,context
6,22,4,sitting,1,sitting,True,context
6,22,5,sitting,1,standing,False,context
6,23,1,standing,1,standing,True,context
6,23,2,standing,1,standing,True,context
6,23,3,standing,1,standing,True,context
6,23,4,standing,1,standing,True,context
6,23,5,standing,1,standing,True,context
6,24,1,standing,1,standing,True,context
6,24,2,standing,1,standing,True,context
6,24,3,standing,1,standing,True,context
6,24,4,standing,1,standing,True,context
6,24,5,standing,1,standing,True,context
6,25,2,fainting,1,sitting,False,context
6,25,3,fainting,1,sitting,False,context
6,25,4,fainting,1,fainting,True,context
6,25,5,fainting,1,sitting,False,context
6,26,1,fainting,1,walking,False,context
6,26,2,fainting,1,fainting,True,context
6,26,3,fainting,1,fainting,True,context
6,26,4,fainting,1,fainting,True,context
6,26,5,fainting,1,standing,False,context
6,27,4,fainting,1,fainting,True,context
6,28,1,fainting,1,walking,False,context
6,28,2,fainting,1,walking,False,context
6,28,3,fainting,1,fainting,True,context
6,28,4,fainting,1,fainting,True,context
6,28,5,fainting,1,walking,False,context
6,29,1,fainting,1,fainting,True,context
6,29,2,fainting,1,fainting,True,context
6,29,3,fainting,1,fainting,True,context
6,29,4,fainting,1,fainting,True,context
6,30,1,walking,1,walking,True,context
6,30,2,walking,1,walking,True,context
6,30,3,walking,1,walking,True,context
6,30,4,walking,1,walking,True,context
6,30,5,walking,1,walking,True,context
6,31,1,running,1,walking,False,context
6,31,2,running,1,walking,False,context
6,31,3,running,1,walking,False,context
6,31,4,running,1,walking,False,context
6,31,5,running,1,walking,False,context
6,32,1,walking,1,walking,True,context
6,32,2,walking,1,walking,True,context
6,32,3,walking,1,walking,True,context
6,32,4,walking,1,walking,True,context
6,32,5,walking,1,walking,True,context
6,33,1,walking,1,walking,True,context
6,33,2,walking,1,walking,True,context
6,33,4,walking,1,walking,True,context
6,33,5,walking,1,walking,True,context
6,34,1,walking,1,walking,True,context
6,34,2,walking,1,walking,True,context
6,34,3,walking,1,walking,True,context
6,34,4,walking,1,walking,True,context
6,34,5,walking,1,walking,True,context
8,20,2,sitting,1,standing,False,context
8,20,3,sitting,1,fainting,False,context
8,20,4,sitting,1,sitting,True,context
8,20,5,sitting,1,standing,False,context
8,21,1,sitting,1,sitting,True,context
8,21,2,sitting,1,sitting,True,context
8,21,3,sitting,1,sitting,True,context
8,21,4,sitting,1,sitting,True,context
8,21,5,sitting,1,fainting,False,context
8,22,1,sitting,1,standing,False,context
8,22,2,sitting,1,sitting,True,context
8,22,3,sitting,1,sitting,True,context
8,22,4,sitting,1,standing,False,context
8,22,5,sitting,1,sitting,True,context
8,23,1,standing,1,standing,True,context
8,23,2,standing,1,standing,True,context
8,23,3,standing,1,standing,True,context
8,23,4,standing,1,sitting,False,context
8,23,5,standing,1,standing,True,context
8,24,1,standing,1,standing,True,context
8,24,2,standing,1,sitting,False,context
8,24,3,standing,1,sitting,False,context
8,24,4,standing,1,sitting,False,context
8,24,5,standing,1,sitting,False,context
8,25,1,fainting,1,fainting,True,context
8,25,2,fainting,1,fainting,True,context
8,25,3,fainting,1,fainting,True,context
8,25,4,fainting,1,fainting,True,context
8,25,5,fainting,1,fainting,True,context
8,26,1,fainting,1,fainting,True,context
8,26,2,fainting,1,walking,False,context
8,26,3,fainting,1,walking,False,context
8,26,4,fainting,1,fainting,True,context
8,26,5,fainting,1,fainting,True,context
8,27,1,fainting,1,fainting,True,context
8,27,2,fainting,1,fainting,True,context
8,27,3,fainting,1,fainting,True,context
8,27,4,fainting,1,fainting,True,context
8,27,5,fainting,1,fainting,True,context
8,28,1,fainting,1,fainting,True,context
8,28,2,fainting,1,fainting,True,context
8,28,3,fainting,1,fainting,True,context
8,28,4,fainting,1,walking,False,context
8,28,5,fainting,1,walking,False,context
8,29,1,fainting,1,fainting,True,context
8,29,2,fainting,1,fainting,True,context
8,29,3,fainting,1,fainting,True,context
8,29,4,fainting,1,fainting,True,context
8,29,5,fainting,1,fainting,True,context
8,30,1,walking,1,walking,True,context
8,30,2,walking,1,walking,True,context
8,30,3,walking,1,walking,True,context
8,30,4,walking,1,walking,True,context
8,30,5,walking,1,walking,True,context
8,31,1,running,1,running,True,context
8,31,2,running,1,walking,False,context
8,31,3,running,1,running,True,context
8,31,4,running,1,running,True,context
8,31,5,running,1,running,True,context
8,32,1,walking,1,walking,True,context
8,32,2,walking,1,walking,True,context
8,32,3,walking,1,walking,True,context
8,32,4,walking,1,walking,True,context
8,32,5,walking,1,walking,True,context
8,33,1,walking,1,walking,True,context
8,33,2,walking,1,walking,True,context
8,33,3,walking,1,walking,True,context
8,33,4,walking,1,walking,True,context
8,33,5,walking,1,walking,True,context
8,34,1,walking,1,sitting,False,context
8,34,2,walking,1,walking,True,context
8,34,4,walking,1,walking,True,context
8,34,5,walking,1,walking,True,context
14,20,1,sitting,1,sitting,True,context
14,20,2,sitting,1,sitting,True,context
14,20,3,sitting,1,sitting,True,context
14,20,4,sitting,1,sitting,True,context
14,20,5,sitting,1,sitting,True,context
14,21,1,sitting,1,sitting,True,context
14,21,2,sitting,1,sitting,True,context
14,21,3,sitting,1,sitting,True,context
14,21,4,sitting,1,sitting,True,context
14,21,5,sitting,1,sitting,True,context
14,22,1,sitting,1,sitting,True,context
14,22,2,sitting,1,sitting,True,context
14,22,3,sitting,1,walking,False,context
14,22,4,sitting,1,walking,False,context
14,22,5,sitting,1,sitting,True,context
14,23,1,standing,1,standing,True,context
14,23,2,standing,1,sitting,False,context
14,23,3,standing,1,standing,True,context
14,23,4,standing,1,standing,True,context
14,23,5,standing,1,standing,True,context
14,24,1,standing,1,standing,True,context
14,24,2,standing,1,standing,True,context
14,24,3,standing,1,standing,True,context
14,24,4,standing,1,standing,True,context
14,24,5,standing,1,standing,True,context
14,25,2,fainting,1,fainting,True,context
14,25,3,fainting,1,fainting,True,context
14,25,4,fainting,1,fainting,True,context
14,25,5,fainting,1,fainting,True,context
14,26,1,fainting,1,walking,False,context
14,27,1,fainting,1,fainting,True,context
14,27,2,fainting,1,fainting,True,context
14,27,3,fainting,1,fainting,True,context
14,28,1,fainting,1,fainting,True,context
14,28,2,fainting,1,fainting,True,context
14,28,3,fainting,1,walking,False,context
14,28,4,fainting,1,walking,False,context
14,28,5,fainting,1,walking,False,context
14,29,1,fainting,1,fainting,True,context
14,29,3,fainting,1,fainting,True,context
14,29,4,fainting,1,fainting,True,context
14,29,5,fainting,1,fainting,True,context
14,30,1,walking,1,walking,True,context
14,30,2,walking,1,walking,True,context
14,30,3,walking,1,running,False,context
14,30,4,walking,1,walking,True,context
14,30,5,walking,1,walking,True,context
14,31,2,running,1,running,True,context
14,31,3,running,1,walking,False,context
14,31,4,running,1,walking,False,context
14,31,5,running,1,running,True,context
14,32,1,walking,1,walking,True,context
14,32,2,walking,1,walking,True,context
14,32,3,walking,1,walking,True,context
14,32,4,walking,1,walking,True,context
14,32,5,walking,1,walking,True,context
14,33,1,walking,1,sitting,False,context
14,33,2,walking,1,walking,True,context
14,33,3,walking,1,walking,True,context
14,33,4,walking,1,walking,True,context
14,33,5,walking,1,walking,True,context
14,34,1,walking,1,walking,True,context
14,34,2,walking,1,walking,True,context
14,34,3,walking,1,walking,True,context
14,34,4,walking,1,walking,True,context
14,34,5,walking,1,walking,True,context
16,20,1,sitting,1,sitting,True,context
16,20,2,sitting,1,standing,False,context
16,20,3,sitting,1,fainting,False,context
16,20,4,sitting,1,fainting,False,context
16,20,5,sitting,1,walking,False,context
16,21,1,sitting,1,walking,False,context
16,21,2,sitting,1,sitting,True,context
16,21,3,sitting,1,sitting,True,context
16,21,4,sitting,1,sitting,True,context
16,21,5,sitting,1,sitting,True,context
16,22,1,sitting,1,walking,False,context
16,22,2,sitting,1,standing,False,context
16,22,3,sitting,1,walking,False,context
16,22,4,sitting,1,walking,False,context
16,22,5,sitting,1,walking,False,context
16,23,1,standing,1,walking,False,context
16,23,2,standing,1,standing,True,context
16,23,3,standing,1,standing,True,context
16,23,4,standing,1,walking,False,context
16,23,5,standing,1,standing,True,context
16,24,1,standing,1,standing,True,context
16,24,2,standing,1,standing,True,context
16,24,3,standing,1,standing,True,context
16,24,4,standing,1,standing,True,context
16,24,5,standing,1,standing,True,context
16,25,1,fainting,1,fainting,True,context
16,25,2,fainting,1,fainting,True,context
16,25,3,fainting,1,fainting,True,context
16,25,4,fainting,1,fainting,True,context
16,25,5,fainting,1,fainting,True,context
16,26,1,fainting,1,fainting,True,context
16,26,2,fainting,1,fainting,True,context
16,26,3,fainting,1,fainting,True,context
16,26,4,fainting,1,fainting,True,context
16,26,5,fainting,1,fainting,True,context
16,27,1,fainting,1,fainting,True,context
16,27,2,fainting,1,fainting,True,context
16,27,3,fainting,1,fainting,True,context
16,27,4,fainting,1,fainting,True,context
16,27,5,fainting,1,fainting,True,context
16,28,1,fainting,1,fainting,True,context
16,28,2,fainting,1,fainting,True,context
16,28,3,fainting,1,fainting,True,context
16,28,4,fainting,1,fainting,True,context
16,28,5,fainting,1,fainting,True,context
16,29,1,fainting,1,walking,False,context
16,29,2,fainting,1,fainting,True,context
16,29,3,fainting,1,fainting,True,context
16,29,4,fainting,1,fainting,True,context
16,29,5,fainting,1,fainting,True,context
16,30,1,walking,1,walking,True,context
16,30,2,walking,1,fainting,False,context
16,30,3,walking,1,fainting,False,context
16,30,4,walking,1,walking,True,context
16,30,5,walking,1,walking,True,context
16,31,1,running,1,running,True,context
16,31,2,running,1,walking,False,context
16,31,3,running,1,walking,False,context
16,31,4,running,1,walking,False,context
16,31,5,running,1,walking,False,context
16,32,1,walking,1,walking,True,context
16,32,2,walking,1,walking,True,context
16,32,3,walking,1,walking,True,context
16,32,4,walking,1,walking,True,context
16,32,5,walking,1,walking,True,context
16,33,1,walking,1,standing,False,context
16,33,2,walking,1,standing,False,context
16,33,3,walking,1,walking,True,context
16,33,4,walking,1,walking,True,context
16,33,5,walking,1,walking,True,context
16,34,1,walking,1,walking,True,context
16,34,2,walking,1,walking,True,context
16,34,3,walking,1,walking,True,context
16,34,4,walking,1,walking,True,context
16,34,5,walking,1,walking,True,context
22,20,1,sitting,1,fainting,False,context
22,20,2,sitting,1,sitting,True,context
22,20,3,sitting,1,standing,False,context
22,20,4,sitting,1,sitting,True,context
22,20,5,sitting,1,standing,False,context
22,21,1,sitting,1,sitting,True,context
22,21,2,sitting,1,sitting,True,context
22,21,3,sitting,1,sitting,True,context
22,21,4,sitting,1,sitting,True,context
22,21,5,sitting,1,sitting,True,context
22,22,1,sitting,1,fainting,False,context
22,22,2,sitting,1,fainting,False,context
22,22,3,sitting,1,standing,False,context
22,22,4,sitting,1,sitting,True,context
22,22,5,sitting,1,fainting,False,context
22,23,1,standing,1,standing,True,context
22,23,2,standing,1,standing,True,context
22,23,3,standing,1,standing,True,context
22,23,4,standing,1,standing,True,context
22,23,5,standing,1,standing,True,context
22,24,1,standing,1,sitting,False,context
22,24,2,standing,1,sitting,False,context
22,24,3,standing,1,standing,True,context
22,24,4,standing,1,standing,True,context
22,24,5,standing,1,standing,True,context
22,25,1,fainting,1,fainting,True,context
22,25,2,fainting,1,fainting,True,context
22,25,3,fainting,1,fainting,True,context
22,25,4,fainting,1,fainting,True,context
22,25,5,fainting,1,fainting,True,context
22,26,1,fainting,1,fainting,True,context
22,26,2,fainting,1,fainting,True,context
22,26,3,fainting,1,fainting,True,context
22,26,4,fainting,1,fainting,True,context
22,26,5,fainting,1,fainting,True,context
22,27,1,fainting,1,fainting,True,context
22,27,2,fainting,1,fainting,True,context
22,27,3,fainting,1,fainting,True,context
22,27,4,fainting,1,fainting,True,context
22,27,5,fainting,1,fainting,True,context
22,28,1,fainting,1,fainting,True,context
22,28,2,fainting,1,fainting,True,context
22,28,4,fainting,1,walking,False,context
22,28,5,fainting,1,fainting,True,context
22,29,1,fainting,1,fainting,True,context
22,29,2,fainting,1,fainting,True,context
22,29,3,fainting,1,fainting,True,context
22,29,4,fainting,1,fainting,True,context
22,29,5,fainting,1,fainting,True,context
22,30,1,walking,1,walking,True,context
22,30,2,walking,1,walking,True,context
22,30,3,walking,1,walking,True,context
22,30,4,walking,1,walking,True,context
22,30,5,walking,1,walking,True,context
22,31,1,running,1,running,True,context
22,31,2,running,1,running,True,context
22,31,3,running,1,running,True,context
22,31,4,running,1,running,True,context
22,32,1,walking,1,walking,True,context
22,32,2,walking,1,walking,True,context
22,32,3,walking,1,walking,True,context
22,32,4,walking,1,walking,True,context
22,32,5,walking,1,walking,True,context
22,33,1,walking,1,walking,True,context
22,33,2,walking,1,walking,True,context
22,33,3,walking,1,walking,True,context
22,33,4,walking,1,walking,True,context
22,33,5,walking,1,walking,True,context
22,34,1,walking,1,walking,True,context
22,34,2,walking,1,walking,True,context
22,34,3,walking,1,walking,True,context
22,34,4,walking,1,walking,True,context
22,34,5,walking,1,walking,True,context
29,20,1,sitting,1,sitting,True,context
29,20,2,sitting,1,sitting,True,context
29,20,3,sitting,1,standing,False,context
29,20,4,sitting,1,standing,False,context
29,20,5,sitting,1,sitting,True,context
29,21,1,sitting,1,sitting,True,context
29,21,2,sitting,1,sitting,True,context
29,21,3,sitting,1,sitting,True,context
29,21,4,sitting,1,walking,False,context
29,21,5,sitting,1,sitting,True,context
29,22,1,sitting,1,standing,False,context
29,22,2,sitting,1,standing,False,context
29,22,3,sitting,1,walking,False,context
29,22,4,sitting,1,standing,False,context
29,22,5,sitting,1,walking,False,context
29,23,1,standing,1,sitting,False,context
29,23,2,standing,1,fainting,False,context
29,23,3,standing,1,sitting,False,context
29,23,4,standing,1,standing,True,context
29,23,5,standing,1,sitting,False,context
29,24,1,standing,1,standing,True,context
29,24,2,standing,1,standing,True,context
29,24,3,standing,1,standing,True,context
29,24,5,standing,1,standing,True,context
29,25,1,fainting,1,fainting,True,context
29,25,2,fainting,1,fainting,True,context
29,25,3,fainting,1,fainting,True,context
29,25,4,fainting,1,fainting,True,context
29,25,5,fainting,1,fainting,True,context
29,26,1,fainting,1,fainting,True,context
29,26,2,fainting,1,fainting,True,context
29,26,3,fainting,1,fainting,True,context
29,26,4,fainting,1,fainting,True,context
29,26,5,fainting,1,fainting,True,context
29,27,1,fainting,1,fainting,True,context
29,27,2,fainting,1,fainting,True,context
29,27,3,fainting,1,fainting,True,context
29,27,4,fainting,1,fainting,True,context
29,27,5,fainting,1,fainting,True,context
29,28,1,fainting,1,fainting,True,context
29,28,2,fainting,1,fainting,True,context
29,28,3,fainting,1,fainting,True,context
29,28,4,fainting,1,walking,False,context
29,28,5,fainting,1,fainting,True,context
29,29,1,fainting,1,fainting,True,context
29,29,2,fainting,1,fainting,True,context
29,29,3,fainting,1,fainting,True,context
29,29,4,fainting,1,fainting,True,context
29,29,5,fainting,1,fainting,True,context
29,30,1,walking,1,fainting,False,context
29,30,2,walking,1,walking,True,context
29,30,3,walking,1,walking,True,context
29,30,4,walking,1,fainting,False,context
29,30,5,walking,1,running,False,context
29,31,1,running,1,walking,False,context
29,31,2,running,1,running,True,context
29,31,3,running,1,running,True,context
29,31,4,running,1,running,True,context
29,31,5,running,1,running,True,context
29,32,1,walking,1,walking,True,context
29,32,2,walking,1,walking,True,context
29,32,3,walking,1,walking,True,context
29,32,4,walking,1,sitting,False,context
29,32,5,walking,1,walking,True,context
29,33,1,walking,1,walking,True,context
29,33,2,walking,1,walking,True,context
29,33,3,walking,1,walking,True,context
29,33,4,walking,1,walking,True,context
29,33,5,walking,1,walking,True,context
29,34,1,walking,1,walking,True,context
29,34,2,walking,1,walking,True,context
29,34,3,walking,1,walking,True,context
29,34,4,walking,1,walking,True,context
29,34,5,walking,1,walking,True,context
36,20,1,sitting,1,standing,False,context
36,20,2,sitting,1,sitting,True,context
36,20,3,sitting,1,standing,False,context
36,20,4,sitting,1,standing,False,context
36,20,5,sitting,1,standing,False,context
36,21,1,sitting,1,sitting,True,context
36,21,2,sitting,1,walking,False,context
36,21,3,sitting,1,sitting,True,context
36,21,4,sitting,1,walking,False,context
36,21,5,sitting,1,sitting,True,context
36,22,1,sitting,1,standing,False,context
36,22,2,sitting,1,standing,False,context
36,22,3,sitting,1,sitting,True,context
36,22,4,sitting,1,sitting,True,context
36,22,5,sitting,1,sitting,True,context
36,23,1,standing,1,standing,True,context
36,23,2,standing,1,fainting,False,context
36,23,3,standing,1,fainting,False,context
36,23,4,standing,1,fainting,False,context
36,23,5,standing,1,walking,False,context
36,24,1,standing,1,standing,True,context
36,24,2,standing,1,sitting,False,context
36,24,3,standing,1,fainting,False,context
36,24,4,standing,1,fainting,False,context
36,24,5,standing,1,standing,True,context
36,25,1,fainting,1,sitting,False,context
36,25,2,fainting,1,standing,False,context
36,25,3,fainting,1,standing,False,context
36,25,4,fainting,1,fainting,True,context
36,25,5,fainting,1,fainting,True,context
36,26,1,fainting,1,walking,False,context
36,26,2,fainting,1,fainting,True,context
36,26,3,fainting,1,fainting,True,context
36,26,4,fainting,1,fainting,True,context
36,26,5,fainting,1,fainting,True,context
36,27,1,fainting,1,fainting,True,context
36,27,2,fainting,1,fainting,True,context
36,27,3,fainting,1,fainting,True,context
36,27,4,fainting,1,fainting,True,context
36,27,5,fainting,1,fainting,True,context
36,28,1,fainting,1,fainting,True,context
36,28,2,fainting,1,fainting,True,context
36,28,3,fainting,1,walking,False,context
36,28,4,fainting,1,walking,False,context
36,28,5,fainting,1,walking,False,context
36,29,1,fainting,1,fainting,True,context
36,29,2,fainting,1,fainting,True,context
36,29,3,fainting,1,fainting,True,context
36,29,4,fainting,1,fainting,True,context
36,29,5,fainting,1,fainting,True,context
36,30,1,walking,1,running,False,context
36,30,2,walking,1,walking,True,context
36,30,3,walking,1,walking,True,context
36,30,4,walking,1,walking,True,context
36,30,5,walking,1,walking,True,context
36,31,1,running,1,walking,False,context
36,31,2,running,1,running,True,context
36,31,3,running,1,walking,False,context
36,31,4,running,1,running,True,context
36,31,5,running,1,running,True,context
36,32,1,walking,1,walking,True,context
36,32,2,walking,1,walking,True,context
36,32,3,walking,1,walking,True,context
36,32,4,walking,1,walking,True,context
36,32,5,walking,1,walking,True,context
36,33,1,walking,1,walking,True,context
36,33,2,walking,1,walking,True,context
36,33,3,walking,1,walking,True,context
36,33,4,walking,1,sitting,False,context
36,33,5,walking,1,walking,True,context
36,34,1,walking,1,walking,True,context
36,34,2,walking,1,walking,True,context
36,34,3,walking,1,walking,True,context
36,34,4,walking,1,walking,True,context
36,34,5,walking,1,walking,True,context
7,20,1,sitting,2,fainting,False,context
7,20,2,sitting,2,fainting,False,context
7,20,3,sitting,2,fainting,False,context
7,20,4,sitting,2,walking,False,context
7,20,5,sitting,2,fainting,False,context
7,21,1,sitting,2,sitting,True,context
7,21,2,sitting,2,fainting,False,context
7,21,3,sitting,2,sitting,True,context
7,21,4,sitting,2,fainting,False,context
7,21,5,sitting,2,fainting,False,context
7,22,1,sitting,2,fainting,False,context
7,22,2,sitting,2,fainting,False,context
7,22,3,sitting,2,fainting,False,context
7,22,4,sitting,2,fainting,False,context
7,22,5,sitting,2,fainting,False,context
7,23,1,standing,2,standing,True,context
7,23,2,standing,2,fainting,False,context
7,23,3,standing,2,fainting,False,context
7,23,4,standing,2,fainting,False,context
7,23,5,standing,2,walking,False,context
7,24,1,standing,2,fainting,False,context
7,24,2,standing,2,walking,False,context
7,24,3,standing,2,walking,False,context
7,24,4,standing,2,fainting,False,context
7,24,5,standing,2,fainting,False,context
7,25,1,fainting,2,fainting,True,context
7,25,3,fainting,2,fainting,True,context
7,25,4,fainting,2,sitting,False,context
7,25,5,fainting,2,fainting,True,context
7,26,1,fainting,2,fainting,True,context
7,26,2,fainting,2,fainting,True,context
7,26,3,fainting,2,walking,False,context
7,26,4,fainting,2,fainting,True,context
7,26,5,fainting,2,fainting,True,context
7,27,4,fainting,2,fainting,True,context
7,28,1,fainting,2,walking,False,context
7,28,2,fainting,2,walking,False,context
7,28,3,fainting,2,walking,False,context
7,28,4,fainting,2,walking,False,context
7,28,5,fainting,2,walking,False,context
7,29,2,fainting,2,fainting,True,context
7,29,3,fainting,2,fainting,True,context
7,29,5,fainting,2,fainting,True,context
7,31,2,running,2,running,True,context
7,31,3,running,2,walking,False,context
7,31,4,running,2,walking,False,context
7,31,5,running,2,walking,False,context
7,32,1,walking,2,walking,True,context
7,32,2,walking,2,walking,True,context
7,32,3,walking,2,standing,False,context
7,32,4,walking,2,walking,True,context
7,32,5,walking,2,walking,True,context
7,33,1,walking,2,walking,True,context
7,33,2,walking,2,walking,True,context
7,33,3,walking,2,walking,True,context
7,33,4,walking,2,fainting,False,context
7,33,5,walking,2,walking,True,context
7,34,1,walking,2,walking,True,context
7,34,2,walking,2,fainting,False,context
7,34,3,walking,2,walking,True,context
7,34,4,walking,2,walking,True,context
7,34,5,walking,2,walking,True,context
13,20,1,sitting,2,sitting,True,context
13,20,2,sitting,2,sitting,True,context
13,20,3,sitting,2,sitting,True,context
13,20,4,sitting,2,standing,False,context
13,21,1,sitting,2,sitting,True,context
13,21,2,sitting,2,sitting,True,context
13,21,3,sitting,2,sitting,True,context
13,21,4,sitting,2,sitting,True,context
13,21,5,sitting,2,fainting,False,context
13,22,1,sitting,2,sitting,True,context
13,22,2,sitting,2,standing,False,context
13,22,3,sitting,2,sitting,True,context
13,22,4,sitting,2,sitting,True,context
13,22,5,sitting,2,sitting,True,context
13,23,1,standing,2,standing,True,context
13,23,2,standing,2,standing,True,context
13,23,3,standing,2,standing,True,context
13,23,4,standing,2,standing,True,context
13,23,5,standing,2,standing,True,context
13,24,1,standing,2,standing,True,context
13,24,2,standing,2,standing,True,context
13,24,3,standing,2,standing,True,context
13,24,4,standing,2,standing,True,context
13,24,5,standing,2,standing,True,context
13,25,1,fainting,2,fainting,True,context
13,25,2,fainting,2,fainting,True,context
13,25,4,fainting,2,sitting,False,context
13,25,5,fainting,2,fainting,True,context
13,26,1,fainting,2,standing,False,context
13,26,2,fainting,2,sitting,False,context
13,26,3,fainting,2,standing,False,context
13,26,4,fainting,2,standing,False,context
13,26,5,fainting,2,sitting,False,context
13,27,1,fainting,2,fainting,True,context
13,27,2,fainting,2,fainting,True,context
13,27,3,fainting,2,fainting,True,context
13,27,4,fainting,2,fainting,True,context
13,27,5,fainting,2,fainting,True,context
13,28,1,fainting,2,fainting,True,context
13,28,2,fainting,2,walking,False,context
13,28,3,fainting,2,fainting,True,context
13,28,4,fainting,2,fainting,True,context
13,28,5,fainting,2,fainting,True,context
13,29,1,fainting,2,fainting,True,context
13,29,2,fainting,2,fainting,True,context
13,29,3,fainting,2,fainting,True,context
13,29,4,fainting,2,fainting,True,context
13,29,5,fainting,2,fainting,True,context
13,30,1,walking,2,walking,True,context
13,30,2,walking,2,walking,True,context
13,30,3,walking,2,fainting,False,context
13,30,4,walking,2,walking,True,context
13,30,5,walking,2,walking,True,context
13,31,1,running,2,walking,False,context
13,31,2,running,2,walking,False,context
13,31,3,running,2,walking,False,context
13,31,4,running,2,walking,False,context
13,31,5,running,2,walking,False,context
13,32,1,walking,2,walking,True,context
13,32,2,walking,2,walking,True,context
13,32,3,walking,2,walking,True,context
13,32,4,walking,2,walking,True,context
13,32,5,walking,2,walking,True,context
13,33,1,walking,2,walking,True,context
13,33,2,walking,2,walking,True,context
13,33,3,walking,2,walking,True,context
13,33,4,walking,2,walking,True,context
13,33,5,walking,2,walking,True,context
13,34,1,walking,2,walking,True,context
13,34,2,walking,2,walking,True,context
13,34,3,walking,2,walking,True,context
13,34,4,walking,2,walking,True,context
13,34,5,walking,2,walking,True,context
15,20,1,sitting,2,walking,False,context
15,20,2,sitting,2,sitting,True,context
15,20,3,sitting,2,sitting,True,context
15,20,4,sitting,2,sitting,True,context
15,20,5,sitting,2,sitting,True,context
15,21,1,sitting,2,sitting,True,context
15,21,2,sitting,2,sitting,True,context
15,21,3,sitting,2,sitting,True,context
15,21,4,sitting,2,sitting,True,context
15,21,5,sitting,2,walking,False,context
15,22,1,sitting,2,walking,False,context
15,22,2,sitting,2,walking,False,context
15,22,3,sitting,2,walking,False,context
15,22,4,sitting,2,sitting,True,context
15,22,5,sitting,2,walking,False,context
15,23,1,standing,2,standing,True,context
15,23,2,standing,2,standing,True,context
15,23,3,standing,2,standing,True,context
15,23,4,standing,2,standing,True,context
15,23,5,standing,2,fainting,False,context
15,24,1,standing,2,fainting,False,context
15,24,2,standing,2,standing,True,context
15,24,3,standing,2,standing,True,context
15,24,4,standing,2,standing,True,context
15,24,5,standing,2,standing,True,context
15,25,1,fainting,2,fainting,True,context
15,25,2,fainting,2,fainting,True,context
15,25,3,fainting,2,fainting,True,context
15,25,4,fainting,2,fainting,True,context
15,25,5,fainting,2,sitting,False,context
15,26,1,fainting,2,fainting,True,context
15,26,2,fainting,2,sitting,False,context
15,26,3,fainting,2,fainting,True,context
15,26,4,fainting,2,fainting,True,context
15,26,5,fainting,2,fainting,True,context
15,27,1,fainting,2,fainting,True,context
15,27,2,fainting,2,fainting,True,context
15,27,3,fainting,2,fainting,True,context
15,27,4,fainting,2,fainting,True,context
15,27,5,fainting,2,fainting,True,context
15,28,1,fainting,2,fainting,True,context
15,28,2,fainting,2,fainting,True,context
15,28,3,fainting,2,fainting,True,context
15,28,4,fainting,2,fainting,True,context
15,28,5,fainting,2,fainting,True,context
15,29,1,fainting,2,fainting,True,context
15,29,2,fainting,2,fainting,True,context
15,29,3,fainting,2,fainting,True,context
15,29,4,fainting,2,fainting,True,context
15,29,5,fainting,2,fainting,True,context
15,30,1,walking,2,walking,True,context
15,30,2,walking,2,walking,True,context
15,30,3,walking,2,fainting,False,context
15,30,4,walking,2,walking,True,context
15,30,5,walking,2,walking,True,context
15,31,1,running,2,running,True,context
15,31,2,running,2,running,True,context
15,31,3,running,2,running,True,context
15,31,4,running,2,running,True,context
15,31,5,running,2,walking,False,context
15,32,1,walking,2,walking,True,context
15,32,2,walking,2,walking,True,context
15,32,3,walking,2,walking,True,context
15,32,4,walking,2,running,False,context
15,32,5,walking,2,walking,True,context
15,33,1,walking,2,walking,True,context
15,33,2,walking,2,walking,True,context
15,33,3,walking,2,standing,False,context
15,33,4,walking,2,walking,True,context
15,33,5,walking,2,walking,True,context
15,34,1,walking,2,walking,True,context
15,34,2,walking,2,walking,True,context
15,34,3,walking,2,walking,True,context
15,34,4,walking,2,walking,True,context
15,34,5,walking,2,walking,True,context
26,20,1,sitting,2,standing,False,context
26,20,2,sitting,2,standing,False,context
26,20,3,sitting,2,sitting,True,context
26,20,4,sitting,2,sitting,True,context
26,20,5,sitting,2,sitting,True,context
26,21,1,sitting,2,sitting,True,context
26,21,2,sitting,2,sitting,True,context
26,21,3,sitting,2,sitting,True,context
26,21,4,sitting,2,sitting,True,context
26,21,5,sitting,2,sitting,True,context
26,22,1,sitting,2,standing,False,context
26,22,2,sitting,2,standing,False,context
26,22,3,sitting,2,sitting,True,context
26,22,4,sitting,2,sitting,True,context
26,22,5,sitting,2,sitting,True,context
26,23,1,standing,2,fainting,False,context
26,23,2,standing,2,fainting,False,context
26,23,3,standing,2,standing,True,context
26,23,4,standing,2,fainting,False,context
26,23,5,standing,2,fainting,False,context
26,24,1,standing,2,standing,True,context
26,24,2,standing,2,standing,True,context
26,24,4,standing,2,standing,True,context
26,24,5,standing,2,standing,True,context
26,25,1,fainting,2,sitting,False,context
26,25,2,fainting,2,sitting,False,context
26,25,3,fainting,2,standing,False,context
26,25,4,fainting,2,standing,False,context
26,25,5,fainting,2,sitting,False,context
26,26,1,fainting,2,fainting,True,context
26,26,2,fainting,2,fainting,True,context
26,26,3,fainting,2,fainting,True,context
26,26,4,fainting,2,fainting,True,context
26,26,5,fainting,2,fainting,True,context
26,27,1,fainting,2,fainting,True,context
26,27,2,fainting,2,fainting,True,context
26,27,3,fainting,2,fainting,True,context
26,27,4,fainting,2,fainting,True,context
26,27,5,fainting,2,fainting,True,context
26,28,1,fainting,2,walking,False,context
26,28,2,fainting,2,fainting,True,context
26,28,3,fainting,2,fainting,True,context
26,28,4,fainting,2,fainting,True,context
26,28,5,fainting,2,fainting,True,context
26,29,1,fainting,2,fainting,True,context
26,29,2,fainting,2,fainting,True,context
26,29,3,fainting,2,fainting,True,context
26,29,4,fainting,2,fainting,True,context
26,29,5,fainting,2,fainting,True,context
26,30,1,walking,2,running,False,context
26,30,2,walking,2,running,False,context
26,30,3,walking,2,fainting,False,context
26,30,4,walking,2,running,False,context
26,30,5,walking,2,running,False,context
26,31,1,running,2,running,True,context
26,31,2,running,2,running,True,context
26,31,3,running,2,running,True,context
26,31,4,running,2,walking,False,context
26,31,5,running,2,running,True,context
26,32,1,walking,2,walking,True,context
26,32,2,walking,2,walking,True,context
26,32,3,walking,2,walking,True,context
26,32,4,walking,2,running,False,context
26,32,5,walking,2,walking,True,context
26,33,1,walking,2,walking,True,context
26,33,2,walking,2,walking,True,context
26,33,3,walking,2,walking,True,context
26,33,4,walking,2,walking,True,context
26,33,5,walking,2,walking,True,context
26,34,1,walking,2,fainting,False,context
26,34,2,walking,2,walking,True,context
26,34,3,walking,2,walking,True,context
26,34,4,walking,2,walking,True,context
26,34,5,walking,2,walking,True,context
27,20,1,sitting,2,fainting,False,context
27,20,2,sitting,2,standing,False,context
27,20,3,sitting,2,standing,False,context
27,20,4,sitting,2,standing,False,context
27,20,5,sitting,2,fainting,False,context
27,21,1,sitting,2,sitting,True,context
27,21,2,sitting,2,fainting,False,context
27,21,3,sitting,2,fainting,False,context
27,21,5,sitting,2,fainting,False,context
27,22,1,sitting,2,standing,False,context
27,22,3,sitting,2,fainting,False,context
27,22,4,sitting,2,standing,False,context
27,22,5,sitting,2,standing,False,context
27,23,1,standing,2,standing,True,context
27,23,2,standing,2,standing,True,context
27,23,3,standing,2,standing,True,context
27,23,4,standing,2,standing,True,context
27,24,1,standing,2,sitting,False,context
27,24,2,standing,2,fainting,False,context
27,24,3,standing,2,fainting,False,context
27,24,4,standing,2,standing,True,context
27,24,5,standing,2,standing,True,context
27,25,1,fainting,2,fainting,True,context
27,25,2,fainting,2,fainting,True,context
27,25,3,fainting,2,fainting,True,context
27,25,4,fainting,2,fainting,True,context
27,25,5,fainting,2,fainting,True,context
27,26,1,fainting,2,fainting,True,context
27,26,2,fainting,2,sitting,False,context
27,26,3,fainting,2,sitting,False,context
27,26,4,fainting,2,fainting,True,context
27,26,5,fainting,2,fainting,True,context
27,27,1,fainting,2,fainting,True,context
27,27,2,fainting,2,fainting,True,context
27,27,3,fainting,2,fainting,True,context
27,27,4,fainting,2,fainting,True,context
27,27,5,fainting,2,fainting,True,context
27,28,1,fainting,2,fainting,True,context
27,28,2,fainting,2,fainting,True,context
27,28,3,fainting,2,fainting,True,context
27,28,4,fainting,2,walking,False,context
27,28,5,fainting,2,walking,False,context
27,29,1,fainting,2,fainting,True,context
27,29,2,fainting,2,fainting,True,context
27,29,3,fainting,2,fainting,True,context
27,29,4,fainting,2,fainting,True,context
27,29,5,fainting,2,fainting,True,context
27,30,1,walking,2,walking,True,context
27,30,2,walking,2,walking,True,context
27,30,3,walking,2,walking,True,context
27,30,4,walking,2,running,False,context
27,30,5,walking,2,running,False,context
27,31,1,running,2,running,True,context
27,31,2,running,2,running,True,context
27,31,3,running,2,running,True,context
27,31,4,running,2,running,True,context
27,31,5,running,2,running,True,context
27,32,1,walking,2,walking,True,context
27,32,2,walking,2,running,False,context
27,32,3,walking,2,walking,True,context
27,32,4,walking,2,walking,True,context
27,32,5,walking,2,walking,True,context
27,33,1,walking,2,walking,True,context
27,33,2,walking,2,walking,True,context
27,33,3,walking,2,walking,True,context
27,33,4,walking,2,walking,True,context
27,33,5,walking,2,sitting,False,context
27,34,1,walking,2,walking,True,context
27,34,2,walking,2,walking,True,context
27,34,3,walking,2,walking,True,context
27,34,4,walking,2,walking,True,context
27,34,5,walking,2,walking,True,context
32,20,1,sitting,2,standing,False,context
32,20,2,sitting,2,standing,False,context
32,20,3,sitting,2,sitting,True,context
32,20,4,sitting,2,sitting,True,context
32,20,5,sitting,2,sitting,True,context
32,21,1,sitting,2,sitting,True,context
32,21,2,sitting,2,sitting,True,context
32,21,3,sitting,2,sitting,True,context
32,21,4,sitting,2,sitting,True,context
32,21,5,sitting,2,sitting,True,context
32,22,1,sitting,2,sitting,True,context
32,22,2,sitting,2,standing,False,context
32,22,3,sitting,2,sitting,True,context
32,22,4,sitting,2,sitting,True,context
32,22,5,sitting,2,sitting,True,context
32,23,1,standing,2,standing,True,context
32,23,2,standing,2,standing,True,context
32,23,3,standing,2,standing,True,context
32,23,4,standing,2,standing,True,context
32,23,5,standing,2,standing,True,context
32,24,1,standing,2,standing,True,context
32,24,2,standing,2,standing,True,context
32,24,3,standing,2,standing,True,context
32,24,4,standing,2,standing,True,context
32,24,5,standing,2,standing,True,context
32,25,1,fainting,2,fainting,True,context
32,25,2,fainting,2,fainting,True,context
32,25,3,fainting,2,fainting,True,context
32,25,4,fainting,2,fainting,True,context
32,25,5,fainting,2,fainting,True,context
32,26,1,fainting,2,fainting,True,context
32,26,2,fainting,2,fainting,True,context
32,26,3,fainting,2,sitting,False,context
32,26,4,fainting,2,sitting,False,context
32,26,5,fainting,2,sitting,False,context
32,27,1,fainting,2,fainting,True,context
32,27,2,fainting,2,fainting,True,context
32,27,3,fainting,2,fainting,True,context
32,27,4,fainting,2,fainting,True,context
32,27,5,fainting,2,fainting,True,context
32,28,1,fainting,2,fainting,True,context
32,28,2,fainting,2,fainting,True,context
32,28,3,fainting,2,fainting,True,context
32,28,4,fainting,2,fainting,True,context
32,28,5,fainting,2,fainting,True,context
32,29,1,fainting,2,sitting,False,context
32,29,2,fainting,2,standing,False,context
32,29,3,fainting,2,standing,False,context
32,29,4,fainting,2,standing,False,context
32,29,5,fainting,2,sitting,False,context
32,30,1,walking,2,walking,True,context
32,30,2,walking,2,fainting,False,context
32,30,3,walking,2,fainting,False,context
32,30,4,walking,2,fainting,False,context
32,30,5,walking,2,fainting,False,context
32,31,1,running,2,running,True,context
32,31,2,running,2,running,True,context
32,31,3,running,2,running,True,context
32,31,4,running,2,running,True,context
32,31,5,running,2,running,True,context
32,32,1,walking,2,walking,True,context
32,32,2,walking,2,walking,True,context
32,32,3,walking,2,walking,True,context
32,32,4,walking,2,walking,True,context
32,32,5,walking,2,fainting,False,context
32,33,1,walking,2,standing,False,context
32,33,2,walking,2,standing,False,context
32,33,3,walking,2,standing,False,context
32,33,4,walking,2,walking,True,context
32,33,5,walking,2,walking,True,context
32,34,1,walking,2,walking,True,context
32,34,2,walking,2,walking,True,context
32,34,3,walking,2,fainting,False,context
32,34,4,walking,2,walking,True,context
32,34,5,walking,2,walking,True,context
37,20,1,sitting,2,sitting,True,context
37,20,2,sitting,2,sitting,True,context
37,20,3,sitting,2,sitting,True,context
37,20,4,sitting,2,fainting,False,context
37,20,5,sitting,2,sitting,True,context
37,21,1,sitting,2,walking,False,context
37,21,2,sitting,2,walking,False,context
37,21,3,sitting,2,sitting,True,context
37,21,4,sitting,2,walking,False,context
37,21,5,sitting,2,walking,False,context
37,22,1,sitting,2,standing,False,context
37,22,2,sitting,2,sitting,True,context
37,22,3,sitting,2,sitting,True,context
37,22,4,sitting,2,sitting,True,context
37,23,1,standing,2,standing,True,context
37,23,2,standing,2,standing,True,context
37,23,3,standing,2,standing,True,context
37,23,4,standing,2,standing,True,context
37,23,5,standing,2,standing,True,context
37,24,1,standing,2,standing,True,context
37,24,2,standing,2,standing,True,context
37,24,3,standing,2,standing,True,context
37,24,5,standing,2,standing,True,context
37,25,2,fainting,2,fainting,True,context
37,25,3,fainting,2,fainting,True,context
37,25,4,fainting,2,fainting,True,context
37,25,5,fainting,2,fainting,True,context
37,26,2,fainting,2,fainting,True,context
37,26,3,fainting,2,fainting,True,context
37,26,4,fainting,2,fainting,True,context
37,26,5,fainting,2,fainting,True,context
37,27,1,fainting,2,fainting,True,context
37,27,2,fainting,2,fainting,True,context
37,27,4,fainting,2,fainting,True,context
37,27,5,fainting,2,fainting,True,context
37,28,1,fainting,2,fainting,True,context
37,28,2,fainting,2,walking,False,context
37,28,3,fainting,2,walking,False,context
37,28,5,fainting,2,walking,False,context
37,29,1,fainting,2,fainting,True,context
37,29,2,fainting,2,fainting,True,context
37,29,3,fainting,2,fainting,True,context
37,29,4,fainting,2,fainting,True,context
37,29,5,fainting,2,fainting,True,context
37,30,1,walking,2,walking,True,context
37,30,2,walking,2,walking,True,context
37,30,3,walking,2,walking,True,context
37,30,4,walking,2,walking,True,context
37,30,5,walking,2,walking,True,context
37,31,1,running,2,walking,False,context
37,31,2,running,2,walking,False,context
37,31,3,running,2,walking,False,context
37,31,5,running,2,walking,False,context
37,32,1,walking,2,walking,True,context
37,32,2,walking,2,walking,True,context
37,32,3,walking,2,walking,True,context
37,32,4,walking,2,running,False,context
37,32,5,walking,2,walking,True,context
37,33,1,walking,2,walking,True,context
37,33,2,walking,2,walking,True,context
37,33,3,walking,2,walking,True,context
37,33,4,walking,2,walking,True,context
37,33,5,walking,2,walking,True,context
37,34,1,walking,2,walking,True,context
37,34,2,walking,2,walking,True,context
37,34,3,walking,2,walking,True,context
37,34,4,walking,2,walking,True,context
37,34,5,walking,2,walking,True,context
11,20,1,sitting,3,walking,False,context
11,20,2,sitting,3,walking,False,context
11,20,3,sitting,3,standing,False,context
11,20,4,sitting,3,walking,False,context
11,20,5,sitting,3,fainting,False,context
11,21,1,sitting,3,sitting,True,context
11,21,2,sitting,3,sitting,True,context
11,21,3,sitting,3,sitting,True,context
11,21,4,sitting,3,sitting,True,context
11,21,5,sitting,3,sitting,True,context
11,22,1,sitting,3,walking,False,context
11,22,2,sitting,3,walking,False,context
11,22,3,sitting,3,walking,False,context
11,22,4,sitting,3,sitting,True,context
11,22,5,sitting,3,walking,False,context
11,23,1,standing,3,fainting,False,context
11,23,2,standing,3,walking,False,context
11,23,3,standing,3,standing,True,context
11,23,4,standing,3,walking,False,context
11,23,5,standing,3,standing,True,context
11,24,1,standing,3,standing,True,context
11,24,2,standing,3,standing,True,context
11,24,3,standing,3,fainting,False,context
11,24,4,standing,3,walking,False,context
11,24,5,standing,3,standing,True,context
11,25,1,fainting,3,walking,False,context
11,25,2,fainting,3,walking,False,context
11,25,3,fainting,3,fainting,True,context
11,25,4,fainting,3,fainting,True,context
11,26,1,fainting,3,fainting,True,context
11,26,2,fainting,3,fainting,True,context
11,26,3,fainting,3,fainting,True,context
11,26,4,fainting,3,fainting,True,context
11,26,5,fainting,3,fainting,True,context
11,27,1,fainting,3,fainting,True,context
11,27,2,fainting,3,fainting,True,context
11,27,3,fainting,3,fainting,True,context
11,27,4,fainting,3,fainting,True,context
11,27,5,fainting,3,fainting,True,context
11,28,1,fainting,3,walking,False,context
11,28,3,fainting,3,walking,False,context
11,28,4,fainting,3,walking,False,context
11,28,5,fainting,3,walking,False,context
11,29,1,fainting,3,standing,False,context
11,29,2,fainting,3,standing,False,context
11,29,3,fainting,3,walking,False,context
11,29,4,fainting,3,standing,False,context
11,29,5,fainting,3,fainting,True,context
11,30,1,walking,3,running,False,context
11,30,2,walking,3,walking,True,context
11,30,3,walking,3,walking,True,context
11,30,4,walking,3,running,False,context
11,30,5,walking,3,walking,True,context
11,31,1,running,3,running,True,context
11,31,2,running,3,running,True,context
11,31,3,running,3,running,True,context
11,31,4,running,3,running,True,context
11,31,5,running,3,running,True,context
11,32,1,walking,3,walking,True,context
11,32,2,walking,3,walking,True,context
11,32,3,walking,3,walking,True,context
11,32,4,walking,3,walking,True,context
11,32,5,walking,3,walking,True,context
11,33,1,walking,3,walking,True,context
11,33,2,walking,3,walking,True,context
11,33,3,walking,3,walking,True,context
11,33,4,walking,3,walking,True,context
11,33,5,walking,3,walking,True,context
11,34,1,walking,3,walking,True,context
11,34,2,walking,3,walking,True,context
11,34,3,walking,3,walking,True,context
11,34,4,walking,3,walking,True,context
11,34,5,walking,3,walking,True,context
12,20,1,sitting,3,fainting,False,context
12,20,2,sitting,3,sitting,True,context
12,20,3,sitting,3,fainting,False,context
12,20,4,sitting,3,standing,False,context
12,20,5,sitting,3,standing,False,context
12,21,1,sitting,3,sitting,True,context
12,21,2,sitting,3,fainting,False,context
12,21,3,sitting,3,sitting,True,context
12,21,4,sitting,3,sitting,True,context
12,21,5,sitting,3,sitting,True,context
12,22,1,sitting,3,standing,False,context
12,22,2,sitting,3,standing,False,context
12,22,3,sitting,3,sitting,True,context
12,22,4,sitting,3,standing,False,context
12,22,5,sitting,3,sitting,True,context
12,23,1,standing,3,standing,True,context
12,23,2,standing,3,standing,True,context
12,23,3,standing,3,fainting,False,context
12,23,4,standing,3,standing,True,context
12,23,5,standing,3,standing,True,context
12,24,1,standing,3,sitting,False,context
12,24,2,standing,3,standing,True,context
12,24,3,standing,3,sitting,False,context
12,24,4,standing,3,standing,True,context
12,24,5,standing,3,sitting,False,context
12,25,1,fainting,3,sitting,False,context
12,25,2,fainting,3,sitting,False,context
12,25,3,fainting,3,sitting,False,context
12,25,4,fainting,3,sitting,False,context
12,25,5,fainting,3,sitting,False,context
12,26,1,fainting,3,fainting,True,context
12,26,2,fainting,3,fainting,True,context
12,26,3,fainting,3,standing,False,context
12,26,4,fainting,3,fainting,True,context
12,26,5,fainting,3,fainting,True,context
12,27,1,fainting,3,fainting,True,context
12,27,2,fainting,3,fainting,True,context
12,27,3,fainting,3,fainting,True,context
12,27,4,fainting,3,fainting,True,context
12,27,5,fainting,3,fainting,True,context
12,28,1,fainting,3,walking,False,context
12,28,2,fainting,3,walking,False,context
12,28,3,fainting,3,fainting,True,context
12,28,4,fainting,3,fainting,True,context
12,28,5,fainting,3,walking,False,context
12,29,1,fainting,3,fainting,True,context
12,29,2,fainting,3,fainting,True,context
12,29,3,fainting,3,fainting,True,context
12,29,4,fainting,3,fainting,True,context
12,29,5,fainting,3,fainting,True,context
12,30,1,walking,3,walking,True,context
12,30,2,walking,3,running,False,context
12,30,3,walking,3,running,False,context
12,30,4,walking,3,running,False,context
12,30,5,walking,3,running,False,context
12,31,1,running,3,running,True,context
12,31,2,running,3,running,True,context
12,31,3,running,3,running,True,context
12,31,4,running,3,running,True,context
12,31,5,running,3,running,True,context
12,32,1,walking,3,running,False,context
12,32,2,walking,3,running,False,context
12,32,3,walking,3,walking,True,context
12,32,4,walking,3,running,False,context
12,32,5,walking,3,running,False,context
12,33,1,walking,3,walking,True,context
12,33,2,walking,3,walking,True,context
12,33,3,walking,3,walking,True,context
12,33,4,walking,3,walking,True,context
12,33,5,walking,3,walking,True,context
12,34,1,walking,3,walking,True,context
12,34,2,walking,3,walking,True,context
12,34,3,walking,3,walking,True,context
12,34,4,walking,3,walking,True,context
12,34,5,walking,3,walking,True,context
17,20,1,sitting,3,sitting,True,context
17,20,2,sitting,3,sitting,True,context
17,20,3,sitting,3,sitting,True,context
17,20,4,sitting,3,sitting,True,context
17,20,5,sitting,3,sitting,True,context
17,21,1,sitting,3,sitting,True,context
17,21,2,sitting,3,sitting,True,context
17,21,3,sitting,3,sitting,True,context
17,21,4,sitting,3,sitting,True,context
17,21,5,sitting,3,sitting,True,context
17,22,1,sitting,3,fainting,False,context
17,22,2,sitting,3,standing,False,context
17,22,3,sitting,3,standing,False,context
17,22,4,sitting,3,walking,False,context
17,22,5,sitting,3,sitting,True,context
17,23,1,standing,3,sitting,False,context
17,23,2,standing,3,sitting,False,context
17,23,3,standing,3,standing,True,context
17,23,4,standing,3,standing,True,context
17,23,5,standing,3,standing,True,context
17,24,1,standing,3,standing,True,context
17,24,2,standing,3,standing,True,context
17,24,3,standing,3,standing,True,context
17,24,4,standing,3,standing,True,context
17,24,5,standing,3,walking,False,context
17,25,1,fainting,3,fainting,True,context
17,25,2,fainting,3,fainting,True,context
17,25,3,fainting,3,fainting,True,context
17,25,4,fainting,3,fainting,True,context
17,25,5,fainting,3,fainting,True,context
17,26,1,fainting,3,walking,False,context
17,26,3,fainting,3,walking,False,context
17,26,4,fainting,3,walking,False,context
17,26,5,fainting,3,fainting,True,context
17,27,1,fainting,3,fainting,True,context
17,27,2,fainting,3,fainting,True,context
17,27,3,fainting,3,fainting,True,context
17,27,4,fainting,3,fainting,True,context
17,27,5,fainting,3,fainting,True,context
17,28,1,fainting,3,fainting,True,context
17,28,2,fainting,3,fainting,True,context
17,28,3,fainting,3,fainting,True,context
17,28,4,fainting,3,fainting,True,context
17,28,5,fainting,3,fainting,True,context
17,29,1,fainting,3,fainting,True,context
17,29,2,fainting,3,fainting,True,context
17,29,3,fainting,3,fainting,True,context
17,29,4,fainting,3,fainting,True,context
17,29,5,fainting,3,fainting,True,context
17,30,1,walking,3,running,False,context
17,30,2,walking,3,walking,True,context
17,30,3,walking,3,running,False,context
17,30,4,walking,3,running,False,context
17,30,5,walking,3,walking,True,context
17,31,1,running,3,running,True,context
17,31,2,running,3,running,True,context
17,31,3,running,3,running,True,context
17,31,4,running,3,running,True,context
17,31,5,running,3,running,True,context
17,32,1,walking,3,fainting,False,context
17,32,2,walking,3,walking,True,context
17,32,3,walking,3,walking,True,context
17,32,4,walking,3,walking,True,context
17,32,5,walking,3,walking,True,context
17,33,1,walking,3,walking,True,context
17,33,2,walking,3,walking,True,context
17,33,3,walking,3,walking,True,context
17,33,4,walking,3,walking,True,context
17,33,5,walking,3,fainting,False,context
17,34,1,walking,3,fainting,False,context
17,34,2,walking,3,walking,True,context
17,34,3,walking,3,walking,True,context
17,34,4,walking,3,walking,True,context
17,34,5,walking,3,walking,True,context
21,20,2,sitting,3,sitting,True,context
21,20,3,sitting,3,sitting,True,context
21,20,4,sitting,3,sitting,True,context
21,20,5,sitting,3,sitting,True,context
21,21,1,sitting,3,sitting,True,context
21,21,2,sitting,3,sitting,True,context
21,21,3,sitting,3,sitting,True,context
21,21,4,sitting,3,sitting,True,context
21,21,5,sitting,3,sitting,True,context
21,22,1,sitting,3,walking,False,context
21,22,2,sitting,3,sitting,True,context
21,22,3,sitting,3,walking,False,context
21,22,4,sitting,3,sitting,True,context
21,22,5,sitting,3,walking,False,context
21,23,2,standing,3,sitting,False,context
21,23,3,standing,3,sitting,False,context
21,23,4,standing,3,sitting,False,context
21,23,5,standing,3,sitting,False,context
21,24,1,standing,3,walking,False,context
21,24,2,standing,3,standing,True,context
21,24,3,standing,3,sitting,False,context
21,24,4,standing,3,standing,True,context
21,24,5,standing,3,sitting,False,context
21,25,1,fainting,3,fainting,True,context
21,25,2,fainting,3,sitting,False,context
21,25,3,fainting,3,sitting,False,context
21,25,4,fainting,3,sitting,False,context
21,25,5,fainting,3,sitting,False,context
21,26,1,fainting,3,fainting,True,context
21,26,2,fainting,3,fainting,True,context
21,26,3,fainting,3,fainting,True,context
21,26,4,fainting,3,sitting,False,context
21,26,5,fainting,3,fainting,True,context
21,27,1,fainting,3,sitting,False,context
21,27,2,fainting,3,fainting,True,context
21,27,3,fainting,3,fainting,True,context
21,27,4,fainting,3,sitting,False,context
21,27,5,fainting,3,fainting,True,context
21,28,1,fainting,3,fainting,True,context
21,28,2,fainting,3,fainting,True,context
21,28,3,fainting,3,running,False,context
21,28,4,fainting,3,fainting,True,context
21,28,5,fainting,3,fainting,True,context
21,29,1,fainting,3,fainting,True,context
21,29,2,fainting,3,fainting,True,context
21,29,3,fainting,3,fainting,True,context
21,29,4,fainting,3,fainting,True,context
21,29,5,fainting,3,fainting,True,context
21,30,1,walking,3,running,False,context
21,30,2,walking,3,running,False,context
21,30,3,walking,3,running,False,context
21,30,4,walking,3,fainting,False,context
21,30,5,walking,3,walking,True,context
21,31,1,running,3,running,True,context
21,31,2,running,3,running,True,context
21,31,3,running,3,running,True,context
21,31,4,running,3,running,True,context
21,31,5,running,3,walking,False,context
21,32,1,walking,3,walking,True,context
21,32,2,walking,3,running,False,context
21,32,3,walking,3,walking,True,context
21,32,4,walking,3,walking,True,context
21,32,5,walking,3,walking,True,context
21,33,1,walking,3,walking,True,context
21,33,2,walking,3,walking,True,context
21,33,3,walking,3,walking,True,context
21,33,4,walking,3,walking,True,context
21,33,5,walking,3,walking,True,context
21,34,1,walking,3,walking,True,context
21,34,3,walking,3,walking,True,context
21,34,4,walking,3,sitting,False,context
21,34,5,walking,3,walking,True,context
24,20,1,sitting,3,fainting,False,context
24,20,3,sitting,3,sitting,True,context
24,20,4,sitting,3,fainting,False,context
24,20,5,sitting,3,sitting,True,context
24,21,1,sitting,3,sitting,True,context
24,21,2,sitting,3,sitting,True,context
24,21,3,sitting,3,sitting,True,context
24,21,4,sitting,3,sitting,True,context
24,21,5,sitting,3,sitting,True,context
24,22,1,sitting,3,standing,False,context
24,22,2,sitting,3,standing,False,context
24,22,3,sitting,3,standing,False,context
24,22,4,sitting,3,standing,False,context
24,22,5,sitting,3,standing,False,context
24,23,1,standing,3,standing,True,context
24,23,2,standing,3,standing,True,context
24,23,3,standing,3,sitting,False,context
24,23,5,standing,3,standing,True,context
24,24,1,standing,3,fainting,False,context
24,24,2,standing,3,sitting,False,context
24,24,3,standing,3,standing,True,context
24,24,4,standing,3,standing,True,context
24,24,5,standing,3,standing,True,context
24,25,1,fainting,3,fainting,True,context
24,25,2,fainting,3,fainting,True,context
24,25,3,fainting,3,fainting,True,context
24,25,4,fainting,3,fainting,True,context
24,25,5,fainting,3,sitting,False,context
24,26,1,fainting,3,fainting,True,context
24,26,2,fainting,3,standing,False,context
24,26,3,fainting,3,fainting,True,context
24,26,4,fainting,3,fainting,True,context
24,26,5,fainting,3,standing,False,context
24,27,1,fainting,3,fainting,True,context
24,27,2,fainting,3,fainting,True,context
24,27,3,fainting,3,fainting,True,context
24,27,4,fainting,3,fainting,True,context
24,27,5,fainting,3,fainting,True,context
24,28,1,fainting,3,fainting,True,context
24,28,2,fainting,3,fainting,True,context
24,28,3,fainting,3,fainting,True,context
24,28,4,fainting,3,walking,False,context
24,28,5,fainting,3,fainting,True,context
24,29,1,fainting,3,fainting,True,context
24,29,2,fainting,3,fainting,True,context
24,29,3,fainting,3,fainting,True,context
24,29,4,fainting,3,fainting,True,context
24,29,5,fainting,3,fainting,True,context
24,30,1,walking,3,walking,True,context
24,30,3,walking,3,walking,True,context
24,30,5,walking,3,walking,True,context
24,31,2,running,3,running,True,context
24,31,3,running,3,running,True,context
24,31,4,running,3,walking,False,context
24,31,5,running,3,running,True,context
24,32,1,walking,3,walking,True,context
24,32,2,walking,3,walking,True,context
24,32,3,walking,3,walking,True,context
24,32,4,walking,3,walking,True,context
24,33,1,walking,3,standing,False,context
24,33,2,walking,3,walking,True,context
24,33,3,walking,3,sitting,False,context
24,33,4,walking,3,walking,True,context
24,33,5,walking,3,standing,False,context
24,34,1,walking,3,walking,True,context
24,34,2,walking,3,walking,True,context
24,34,3,walking,3,walking,True,context
24,34,4,walking,3,walking,True,context
25,20,1,sitting,3,fainting,False,context
25,20,2,sitting,3,sitting,True,context
25,20,3,sitting,3,sitting,True,context
25,20,4,sitting,3,sitting,True,context
25,20,5,sitting,3,sitting,True,context
25,21,1,sitting,3,sitting,True,context
25,21,2,sitting,3,sitting,True,context
25,21,3,sitting,3,sitting,True,context
25,21,4,sitting,3,sitting,True,context
25,21,5,sitting,3,sitting,True,context
25,22,1,sitting,3,fainting,False,context
25,22,2,sitting,3,fainting,False,context
25,22,3,sitting,3,fainting,False,context
25,22,4,sitting,3,fainting,False,context
25,22,5,sitting,3,fainting,False,context
25,23,1,standing,3,standing,True,context
25,23,2,standing,3,sitting,False,context
25,23,3,standing,3,standing,True,context
25,23,4,standing,3,standing,True,context
25,23,5,standing,3,standing,True,context
25,24,1,standing,3,standing,True,context
25,24,2,standing,3,standing,True,context
25,24,3,standing,3,standing,True,context
25,24,4,standing,3,standing,True,context
25,24,5,standing,3,standing,True,context
25,25,1,fainting,3,fainting,True,context
25,25,2,fainting,3,fainting,True,context
25,25,3,fainting,3,fainting,True,context
25,25,4,fainting,3,sitting,False,context
25,25,5,fainting,3,sitting,False,context
25,26,1,fainting,3,standing,False,context
25,26,2,fainting,3,fainting,True,context
25,26,3,fainting,3,fainting,True,context
25,26,4,fainting,3,standing,False,context
25,26,5,fainting,3,fainting,True,context
25,27,1,fainting,3,fainting,True,context
25,27,2,fainting,3,fainting,True,context
25,27,3,fainting,3,fainting,True,context
25,27,4,fainting,3,fainting,True,context
25,27,5,fainting,3,fainting,True,context
25,28,1,fainting,3,fainting,True,context
25,28,2,fainting,3,fainting,True,context
25,28,3,fainting,3,fainting,True,context
25,28,4,fainting,3,fainting,True,context
25,28,5,fainting,3,walking,False,context
25,29,1,fainting,3,fainting,True,context
25,29,2,fainting,3,fainting,True,context
25,29,3,fainting,3,fainting,True,context
25,29,4,fainting,3,fainting,True,context
25,29,5,fainting,3,fainting,True,context
25,30,1,walking,3,walking,True,context
25,30,2,walking,3,walking,True,context
25,30,3,walking,3,walking,True,context
25,30,4,walking,3,walking,True,context
25,30,5,walking,3,running,False,context
25,31,1,running,3,running,True,context
25,31,2,running,3,walking,False,context
25,31,3,running,3,walking,False,context
25,31,4,running,3,running,True,context
25,31,5,running,3,walking,False,context
25,32,1,walking,3,walking,True,context
25,32,2,walking,3,walking,True,context
25,32,3,walking,3,walking,True,context
25,32,4,walking,3,walking,True,context
25,32,5,walking,3,standing,False,context
25,33,1,walking,3,walking,True,context
25,33,2,walking,3,walking,True,context
25,33,3,walking,3,walking,True,context
25,33,4,walking,3,walking,True,context
25,33,5,walking,3,walking,True,context
25,34,1,walking,3,walking,True,context
25,34,2,walking,3,walking,True,context
25,34,3,walking,3,walking,True,context
25,34,4,walking,3,walking,True,context
25,34,5,walking,3,walking,True,context
10,20,1,sitting,4,sitting,True,context
10,20,2,sitting,4,standing,False,context
10,20,3,sitting,4,standing,False,context
10,20,4,sitting,4,sitting,True,context
10,20,5,sitting,4,fainting,False,context
10,21,1,sitting,4,sitting,True,context
10,21,2,sitting,4,sitting,True,context
10,21,3,sitting,4,sitting,True,context
10,21,4,sitting,4,sitting,True,context
10,21,5,sitting,4,sitting,True,context
10,22,1,sitting,4,walking,False,context
10,22,2,sitting,4,walking,False,context
10,22,3,sitting,4,sitting,True,context
10,22,4,sitting,4,walking,False,context
10,22,5,sitting,4,sitting,True,context
10,23,1,standing,4,standing,True,context
10,23,2,standing,4,standing,True,context
10,23,3,standing,4,fainting,False,context
10,23,4,standing,4,fainting,False,context
10,23,5,standing,4,standing,True,context
10,24,1,standing,4,sitting,False,context
10,24,2,standing,4,standing,True,context
10,24,3,standing,4,standing,True,context
10,24,4,standing,4,walking,False,context
10,24,5,standing,4,standing,True,context
10,25,1,fainting,4,fainting,True,context
10,25,2,fainting,4,fainting,True,context
10,25,3,fainting,4,sitting,False,context
10,25,4,fainting,4,sitting,False,context
10,25,5,fainting,4,sitting,False,context
10,26,1,fainting,4,fainting,True,context
10,26,2,fainting,4,fainting,True,context
10,26,3,fainting,4,fainting,True,context
10,26,4,fainting,4,fainting,True,context
10,26,5,fainting,4,fainting,True,context
10,27,1,fainting,4,fainting,True,context
10,27,2,fainting,4,fainting,True,context
10,27,3,fainting,4,fainting,True,context
10,27,4,fainting,4,fainting,True,context
10,27,5,fainting,4,fainting,True,context
10,28,1,fainting,4,fainting,True,context
10,28,2,fainting,4,fainting,True,context
10,28,3,fainting,4,fainting,True,context
10,28,4,fainting,4,fainting,True,context
10,28,5,fainting,4,fainting,True,context
10,29,1,fainting,4,fainting,True,context
10,29,2,fainting,4,fainting,True,context
10,29,3,fainting,4,fainting,True,context
10,29,4,fainting,4,fainting,True,context
10,29,5,fainting,4,fainting,True,context
10,30,1,walking,4,walking,True,context
10,30,2,walking,4,fainting,False,context
10,30,3,walking,4,fainting,False,context
10,30,4,walking,4,walking,True,context
10,30,5,walking,4,walking,True,context
10,31,1,running,4,running,True,context
10,31,3,running,4,running,True,context
10,31,4,running,4,running,True,context
10,31,5,running,4,running,True,context
10,32,1,walking,4,walking,True,context
10,32,2,walking,4,walking,True,context
10,32,3,walking,4,walking,True,context
10,32,4,walking,4,walking,True,context
10,32,5,walking,4,walking,True,context
10,33,1,walking,4,walking,True,context
10,33,2,walking,4,walking,True,context
10,33,3,walking,4,walking,True,context
10,33,4,walking,4,walking,True,context
10,33,5,walking,4,walking,True,context
10,34,1,walking,4,walking,True,context
10,34,2,walking,4,walking,True,context
10,34,3,walking,4,walking,True,context
10,34,4,walking,4,walking,True,context
10,34,5,walking,4,walking,True,context
20,20,1,sitting,4,sitting,True,context
20,20,2,sitting,4,standing,False,context
20,20,3,sitting,4,standing,False,context
20,20,4,sitting,4,standing,False,context
20,20,5,sitting,4,standing,False,context
20,21,1,sitting,4,sitting,True,context
20,21,2,sitting,4,sitting,True,context
20,21,3,sitting,4,sitting,True,context
20,21,4,sitting,4,sitting,True,context
20,21,5,sitting,4,sitting,True,context
20,22,1,sitting,4,standing,False,context
20,22,2,sitting,4,sitting,True,context
20,22,3,sitting,4,sitting,True,context
20,22,4,sitting,4,walking,False,context
20,22,5,sitting,4,sitting,True,context
20,23,1,standing,4,sitting,False,context
20,23,2,standing,4,standing,True,context
20,23,3,standing,4,sitting,False,context
20,23,4,standing,4,sitting,False,context
20,23,5,standing,4,standing,True,context
20,24,1,standing,4,standing,True,context
20,24,2,standing,4,standing,True,context
20,24,3,standing,4,standing,True,context
20,24,4,standing,4,standing,True,context
20,24,5,standing,4,standing,True,context
20,25,1,fainting,4,standing,False,context
20,25,2,fainting,4,fainting,True,context
20,25,3,fainting,4,standing,False,context
20,25,4,fainting,4,fainting,True,context
20,25,5,fainting,4,standing,False,context
20,26,1,fainting,4,fainting,True,context
20,26,2,fainting,4,fainting,True,context
20,26,3,fainting,4,fainting,True,context
20,26,4,fainting,4,fainting,True,context
20,26,5,fainting,4,fainting,True,context
20,27,1,fainting,4,fainting,True,context
20,27,2,fainting,4,fainting,True,context
20,27,3,fainting,4,fainting,True,context
20,27,4,fainting,4,fainting,True,context
20,27,5,fainting,4,fainting,True,context
20,28,1,fainting,4,fainting,True,context
20,28,2,fainting,4,fainting,True,context
20,28,3,fainting,4,fainting,True,context
20,28,4,fainting,4,fainting,True,context
20,29,1,fainting,4,fainting,True,context
20,29,2,fainting,4,fainting,True,context
20,29,3,fainting,4,fainting,True,context
20,29,5,fainting,4,fainting,True,context
20,30,2,walking,4,walking,True,context
20,30,3,walking,4,running,False,context
20,30,4,walking,4,walking,True,context
20,30,5,walking,4,walking,True,context
20,31,1,running,4,running,True,context
20,31,2,running,4,running,True,context
20,31,3,running,4,running,True,context
20,31,5,running,4,running,True,context
20,32,1,walking,4,walking,True,context
20,32,2,walking,4,fainting,False,context
20,32,3,walking,4,walking,True,context
20,32,4,walking,4,walking,True,context
20,32,5,walking,4,walking,True,context
20,33,1,walking,4,walking,True,context
20,33,2,walking,4,sitting,False,context
20,33,3,walking,4,walking,True,context
20,33,4,walking,4,walking,True,context
20,33,5,walking,4,walking,True,context
20,34,1,walking,4,walking,True,context
20,34,2,walking,4,walking,True,context
20,34,3,walking,4,walking,True,context
20,34,4,walking,4,walking,True,context
20,34,5,walking,4,walking,True,context
23,20,1,sitting,4,sitting,True,context
23,20,2,sitting,4,standing,False,context
23,20,3,sitting,4,sitting,True,context
23,20,4,sitting,4,sitting,True,context
23,20,5,sitting,4,sitting,True,context
23,21,1,sitting,4,sitting,True,context
23,21,2,sitting,4,sitting,True,context
23,21,3,sitting,4,sitting,True,context
23,21,4,sitting,4,sitting,True,context
23,21,5,sitting,4,sitting,True,context
23,22,1,sitting,4,standing,False,context
23,22,2,sitting,4,standing,False,context
23,22,3,sitting,4,standing,False,context
23,22,4,sitting,4,fainting,False,context
23,22,5,sitting,4,fainting,False,context
23,23,1,standing,4,standing,True,context
23,23,2,standing,4,standing,True,context
23,23,3,standing,4,standing,True,context
23,23,4,standing,4,standing,True,context
23,23,5,standing,4,standing,True,context
23,24,1,standing,4,standing,True,context
23,24,2,standing,4,standing,True,context
23,24,3,standing,4,standing,True,context
23,24,4,standing,4,standing,True,context
23,24,5,standing,4,standing,True,context
23,25,1,fainting,4,fainting,True,context
23,25,2,fainting,4,fainting,True,context
23,25,3,fainting,4,fainting,True,context
23,25,4,fainting,4,fainting,True,context
23,25,5,fainting,4,fainting,True,context
23,26,1,fainting,4,fainting,True,context
23,26,2,fainting,4,fainting,True,context
23,26,3,fainting,4,fainting,True,context
23,26,4,fainting,4,fainting,True,context
23,26,5,fainting,4,fainting,True,context
23,27,1,fainting,4,fainting,True,context
23,27,2,fainting,4,fainting,True,context
23,27,3,fainting,4,fainting,True,context
23,27,4,fainting,4,fainting,True,context
23,27,5,fainting,4,fainting,True,context
23,28,1,fainting,4,fainting,True,context
23,28,2,fainting,4,fainting,True,context
23,28,3,fainting,4,fainting,True,context
23,28,4,fainting,4,fainting,True,context
23,28,5,fainting,4,fainting,True,context
23,29,1,fainting,4,fainting,True,context
23,29,2,fainting,4,fainting,True,context
23,29,3,fainting,4,fainting,True,context
23,29,4,fainting,4,fainting,True,context
23,29,5,fainting,4,fainting,True,context
23,30,1,walking,4,running,False,context
23,30,2,walking,4,walking,True,context
23,30,3,walking,4,running,False,context
23,30,4,walking,4,walking,True,context
23,30,5,walking,4,fainting,False,context
23,31,1,running,4,running,True,context
23,31,2,running,4,fainting,False,context
23,31,3,running,4,running,True,context
23,31,4,running,4,walking,False,context
23,31,5,running,4,running,True,context
23,32,1,walking,4,walking,True,context
23,32,2,walking,4,walking,True,context
23,32,3,walking,4,walking,True,context
23,32,4,walking,4,walking,True,context
23,32,5,walking,4,walking,True,context
23,33,1,walking,4,walking,True,context
23,33,2,walking,4,walking,True,context
23,33,3,walking,4,walking,True,context
23,33,4,walking,4,walking,True,context
23,33,5,walking,4,walking,True,context
23,34,1,walking,4,walking,True,context
23,34,2,walking,4,walking,True,context
23,34,3,walking,4,walking,True,context
23,34,4,walking,4,walking,True,context
23,34,5,walking,4,walking,True,context
31,20,1,sitting,4,sitting,True,context
31,20,2,sitting,4,sitting,True,context
31,20,3,sitting,4,sitting,True,context
31,20,4,sitting,4,sitting,True,context
31,20,5,sitting,4,sitting,True,context
31,21,1,sitting,4,walking,False,context
31,21,2,sitting,4,sitting,True,context
31,21,3,sitting,4,walking,False,context
31,21,4,sitting,4,sitting,True,context
31,21,5,sitting,4,sitting,True,context
31,22,1,sitting,4,fainting,False,context
31,22,2,sitting,4,standing,False,context
31,22,3,sitting,4,sitting,True,context
31,22,4,sitting,4,standing,False,context
31,22,5,sitting,4,sitting,True,context
31,23,1,standing,4,standing,True,context
31,23,2,standing,4,standing,True,context
31,23,3,standing,4,standing,True,context
31,23,4,standing,4,standing,True,context
31,23,5,standing,4,standing,True,context
31,24,1,standing,4,sitting,False,context
31,24,2,standing,4,standing,True,context
31,24,3,standing,4,standing,True,context
31,24,4,standing,4,standing,True,context
31,24,5,standing,4,standing,True,context
31,25,1,fainting,4,fainting,True,context
31,25,2,fainting,4,fainting,True,context
31,25,3,fainting,4,fainting,True,context
31,25,4,fainting,4,fainting,True,context
31,25,5,fainting,4,fainting,True,context
31,26,1,fainting,4,fainting,True,context
31,26,2,fainting,4,fainting,True,context
31,26,3,fainting,4,fainting,True,context
31,26,4,fainting,4,fainting,True,context
31,26,5,fainting,4,fainting,True,context
31,27,1,fainting,4,fainting,True,context
31,27,2,fainting,4,fainting,True,context
31,27,3,fainting,4,fainting,True,context
31,27,4,fainting,4,fainting,True,context
31,27,5,fainting,4,fainting,True,context
31,28,1,fainting,4,fainting,True,context
31,28,2,fainting,4,walking,False,context
31,28,3,fainting,4,walking,False,context
31,28,4,fainting,4,fainting,True,context
31,29,1,fainting,4,fainting,True,context
31,29,3,fainting,4,fainting,True,context
31,29,4,fainting,4,fainting,True,context
31,29,5,fainting,4,fainting,True,context
31,30,1,walking,4,walking,True,context
31,30,2,walking,4,walking,True,context
31,30,3,walking,4,walking,True,context
31,30,4,walking,4,walking,True,context
31,30,5,walking,4,walking,True,context
31,31,1,running,4,walking,False,context
31,31,2,running,4,running,True,context
31,31,4,running,4,running,True,context
31,31,5,running,4,running,True,context
31,32,1,walking,4,walking,True,context
31,32,2,walking,4,walking,True,context
31,32,3,walking,4,walking,True,context
31,32,4,walking,4,walking,True,context
31,32,5,walking,4,walking,True,context
31,33,1,walking,4,walking,True,context
31,33,2,walking,4,walking,True,context
31,33,3,walking,4,walking,True,context
31,33,4,walking,4,walking,True,context
31,33,5,walking,4,walking,True,context
31,34,1,walking,4,walking,True,context
31,34,4,walking,4,walking,True,context
31,34,5,walking,4,walking,True,context
33,20,1,sitting,4,sitting,True,context
33,20,2,sitting,4,fainting,False,context
33,20,3,sitting,4,standing,False,context
33,20,4,sitting,4,standing,False,context
33,20,5,sitting,4,standing,False,context
33,21,1,sitting,4,sitting,True,context
33,21,2,sitting,4,sitting,True,context
33,21,3,sitting,4,sitting,True,context
33,21,4,sitting,4,sitting,True,context
33,21,5,sitting,4,sitting,True,context
33,22,1,sitting,4,sitting,True,context
33,22,2,sitting,4,sitting,True,context
33,22,3,sitting,4,sitting,True,context
33,22,4,sitting,4,sitting,True,context
33,22,5,sitting,4,sitting,True,context
33,23,1,standing,4,standing,True,context
33,23,3,standing,4,standing,True,context
33,23,4,standing,4,standing,True,context
33,23,5,standing,4,standing,True,context
33,24,1,standing,4,standing,True,context
33,24,2,standing,4,standing,True,context
33,24,3,standing,4,standing,True,context
33,24,4,standing,4,standing,True,context
33,24,5,standing,4,standing,True,context
33,25,1,fainting,4,fainting,True,context
33,25,2,fainting,4,fainting,True,context
33,25,3,fainting,4,fainting,True,context
33,25,4,fainting,4,fainting,True,context
33,25,5,fainting,4,fainting,True,context
33,26,1,fainting,4,fainting,True,context
33,26,2,fainting,4,fainting,True,context
33,26,3,fainting,4,sitting,False,context
33,26,4,fainting,4,fainting,True,context
33,26,5,fainting,4,sitting,False,context
33,27,1,fainting,4,sitting,False,context
33,27,2,fainting,4,sitting,False,context
33,27,3,fainting,4,sitting,False,context
33,27,4,fainting,4,fainting,True,context
33,27,5,fainting,4,fainting,True,context
33,28,1,fainting,4,walking,False,context
33,28,2,fainting,4,walking,False,context
33,28,3,fainting,4,fainting,True,context
33,28,4,fainting,4,walking,False,context
33,28,5,fainting,4,walking,False,context
33,29,1,fainting,4,fainting,True,context
33,29,2,fainting,4,fainting,True,context
33,29,3,fainting,4,fainting,True,context
33,29,4,fainting,4,fainting,True,context
33,29,5,fainting,4,fainting,True,context
33,30,1,walking,4,walking,True,context
33,30,2,walking,4,walking,True,context
33,30,3,walking,4,running,False,context
33,30,4,walking,4,walking,True,context
33,30,5,walking,4,walking,True,context
33,31,1,running,4,running,True,context
33,31,2,running,4,walking,False,context
33,31,3,running,4,walking,False,context
33,31,4,running,4,walking,False,context
33,31,5,running,4,running,True,context
33,32,1,walking,4,walking,True,context
33,32,2,walking,4,walking,True,context
33,32,3,walking,4,fainting,False,context
33,32,4,walking,4,walking,True,context
33,32,5,walking,4,walking,True,context
33,33,1,walking,4,fainting,False,context
33,33,2,walking,4,fainting,False,context
33,33,3,walking,4,walking,True,context
33,33,4,walking,4,walking,True,context
33,33,5,walking,4,standing,False,context
33,34,1,walking,4,walking,True,context
33,34,2,walking,4,walking,True,context
33,34,3,walking,4,walking,True,context
33,34,4,walking,4,walking,True,context
33,34,5,walking,4,walking,True,context
38,20,1,sitting,4,standing,False,context
38,20,2,sitting,4,sitting,True,context
38,20,3,sitting,4,sitting,True,context
38,20,4,sitting,4,sitting,True,context
38,20,5,sitting,4,sitting,True,context
38,21,1,sitting,4,sitting,True,context
38,21,2,sitting,4,sitting,True,context
38,21,3,sitting,4,sitting,True,context
38,21,4,sitting,4,sitting,True,context
38,21,5,sitting,4,sitting,True,context
38,22,1,sitting,4,sitting,True,context
38,22,2,sitting,4,sitting,True,context
38,22,3,sitting,4,sitting,True,context
38,22,4,sitting,4,sitting,True,context
38,22,5,sitting,4,standing,False,context
38,23,1,standing,4,standing,True,context
38,23,2,standing,4,standing,True,context
38,23,3,standing,4,standing,True,context
38,23,4,standing,4,standing,True,context
38,23,5,standing,4,standing,True,context
38,24,1,standing,4,standing,True,context
38,24,2,standing,4,standing,True,context
38,24,3,standing,4,standing,True,context
38,24,4,standing,4,standing,True,context
38,24,5,standing,4,standing,True,context
38,25,1,fainting,4,standing,False,context
38,25,2,fainting,4,sitting,False,context
38,25,3,fainting,4,sitting,False,context
38,25,4,fainting,4,fainting,True,context
38,25,5,fainting,4,fainting,True,context
38,26,1,fainting,4,fainting,True,context
38,26,2,fainting,4,fainting,True,context
38,26,3,fainting,4,fainting,True,context
38,26,4,fainting,4,fainting,True,context
38,26,5,fainting,4,fainting,True,context
38,27,1,fainting,4,fainting,True,context
38,27,2,fainting,4,fainting,True,context
38,27,3,fainting,4,fainting,True,context
38,27,4,fainting,4,fainting,True,context
38,27,5,fainting,4,fainting,True,context
38,28,1,fainting,4,walking,False,context
38,28,2,fainting,4,walking,False,context
38,28,3,fainting,4,walking,False,context
38,28,4,fainting,4,walking,False,context
38,28,5,fainting,4,fainting,True,context
38,29,1,fainting,4,fainting,True,context
38,29,2,fainting,4,fainting,True,context
38,29,3,fainting,4,fainting,True,context
38,29,4,fainting,4,fainting,True,context
38,30,1,walking,4,walking,True,context
38,30,2,walking,4,walking,True,context
38,30,3,walking,4,walking,True,context
38,30,4,walking,4,walking,True,context
38,30,5,walking,4,running,False,context
38,31,1,running,4,running,True,context
38,31,2,running,4,running,True,context
38,31,3,running,4,running,True,context
38,31,4,running,4,walking,False,context
38,31,5,running,4,walking,False,context
38,32,1,walking,4,walking,True,context
38,32,2,walking,4,running,False,context
38,32,3,walking,4,walking,True,context
38,32,4,walking,4,walking,True,context
38,32,5,walking,4,walking,True,context
38,33,1,walking,4,walking,True,context
38,33,2,walking,4,walking,True,context
38,33,3,walking,4,walking,True,context
38,33,4,walking,4,walking,True,context
38,33,5,walking,4,walking,True,context
38,34,1,walking,4,walking,True,context
38,34,2,walking,4,walking,True,context
38,34,3,walking,4,sitting,False,context
38,34,4,walking,4,walking,True,context
38,34,5,walking,4,walking,True,context
9,20,2,sitting,5,sitting,True,context
9,20,3,sitting,5,sitting,True,context
9,20,4,sitting,5,sitting,True,context
9,20,5,sitting,5,sitting,True,context
9,21,1,sitting,5,sitting,True,context
9,21,2,sitting,5,sitting,True,context
9,21,3,sitting,5,sitting,True,context
9,21,4,sitting,5,sitting,True,context
9,21,5,sitting,5,sitting,True,context
9,22,1,sitting,5,sitting,True,context
9,22,2,sitting,5,walking,False,context
9,22,3,sitting,5,sitting,True,context
9,22,4,sitting,5,sitting,True,context
9,22,5,sitting,5,sitting,True,context
9,23,1,standing,5,standing,True,context
9,23,2,standing,5,sitting,False,context
9,23,3,standing,5,standing,True,context
9,23,4,standing,5,standing,True,context
9,23,5,standing,5,standing,True,context
9,24,1,standing,5,standing,True,context
9,24,2,standing,5,standing,True,context
9,24,3,standing,5,standing,True,context
9,24,4,standing,5,standing,True,context
9,24,5,standing,5,sitting,False,context
9,25,1,fainting,5,fainting,True,context
9,25,2,fainting,5,fainting,True,context
9,25,3,fainting,5,fainting,True,context
9,25,4,fainting,5,fainting,True,context
9,25,5,fainting,5,fainting,True,context
9,26,1,fainting,5,fainting,True,context
9,26,2,fainting,5,fainting,True,context
9,26,3,fainting,5,fainting,True,context
9,26,4,fainting,5,fainting,True,context
9,26,5,fainting,5,fainting,True,context
9,27,1,fainting,5,sitting,False,context
9,27,2,fainting,5,sitting,False,context
9,27,3,fainting,5,sitting,False,context
9,27,4,fainting,5,sitting,False,context
9,27,5,fainting,5,fainting,True,context
9,28,1,fainting,5,fainting,True,context
9,28,2,fainting,5,fainting,True,context
9,28,3,fainting,5,fainting,True,context
9,28,4,fainting,5,fainting,True,context
9,28,5,fainting,5,walking,False,context
9,29,1,fainting,5,fainting,True,context
9,29,2,fainting,5,fainting,True,context
9,29,3,fainting,5,fainting,True,context
9,29,4,fainting,5,fainting,True,context
9,29,5,fainting,5,fainting,True,context
9,30,1,walking,5,running,False,context
9,30,2,walking,5,walking,True,context
9,30,3,walking,5,running,False,context
9,30,4,walking,5,walking,True,context
9,30,5,walking,5,running,False,context
9,31,1,running,5,walking,False,context
9,31,2,running,5,running,True,context
9,31,3,running,5,walking,False,context
9,31,4,running,5,walking,False,context
9,31,5,running,5,walking,False,context
9,32,1,walking,5,running,False,context
9,32,2,walking,5,walking,True,context
9,32,3,walking,5,walking,True,context
9,32,4,walking,5,fainting,False,context
9,32,5,walking,5,walking,True,context
9,33,1,walking,5,walking,True,context
9,33,2,walking,5,walking,True,context
9,33,3,walking,5,walking,True,context
9,33,4,walking,5,walking,True,context
9,33,5,walking,5,walking,True,context
9,34,1,walking,5,walking,True,context
9,34,2,walking,5,walking,True,context
9,34,3,walking,5,walking,True,context
9,34,4,walking,5,walking,True,context
9,34,5,walking,5,walking,True,context
18,20,1,sitting,5,sitting,True,context
18,20,2,sitting,5,standing,False,context
18,20,3,sitting,5,sitting,True,context
18,20,4,sitting,5,sitting,True,context
18,20,5,sitting,5,sitting,True,context
18,21,1,sitting,5,sitting,True,context
18,21,2,sitting,5,sitting,True,context
18,21,3,sitting,5,sitting,True,context
18,21,4,sitting,5,sitting,True,context
18,21,5,sitting,5,sitting,True,context
18,22,1,sitting,5,walking,False,context
18,22,2,sitting,5,walking,False,context
18,22,3,sitting,5,sitting,True,context
18,22,4,sitting,5,sitting,True,context
18,22,5,sitting,5,sitting,True,context
18,23,1,standing,5,standing,True,context
18,23,2,standing,5,standing,True,context
18,23,3,standing,5,sitting,False,context
18,23,4,standing,5,sitting,False,context
18,23,5,standing,5,sitting,False,context
18,24,1,standing,5,sitting,False,context
18,24,2,standing,5,standing,True,context
18,24,3,standing,5,standing,True,context
18,24,4,standing,5,standing,True,context
18,24,5,standing,5,standing,True,context
18,25,1,fainting,5,sitting,False,context
18,25,2,fainting,5,sitting,False,context
18,25,3,fainting,5,fainting,True,context
18,25,4,fainting,5,fainting,True,context
18,25,5,fainting,5,sitting,False,context
18,26,1,fainting,5,fainting,True,context
18,26,2,fainting,5,fainting,True,context
18,26,3,fainting,5,fainting,True,context
18,26,4,fainting,5,fainting,True,context
18,26,5,fainting,5,fainting,True,context
18,27,1,fainting,5,fainting,True,context
18,27,2,fainting,5,sitting,False,context
18,27,3,fainting,5,fainting,True,context
18,27,4,fainting,5,fainting,True,context
18,27,5,fainting,5,sitting,False,context
18,28,1,fainting,5,walking,False,context
18,28,2,fainting,5,fainting,True,context
18,28,3,fainting,5,fainting,True,context
18,28,4,fainting,5,fainting,True,context
18,28,5,fainting,5,fainting,True,context
18,29,1,fainting,5,fainting,True,context
18,29,2,fainting,5,fainting,True,context
18,29,3,fainting,5,fainting,True,context
18,29,4,fainting,5,fainting,True,context
18,29,5,fainting,5,fainting,True,context
18,30,1,walking,5,walking,True,context
18,30,2,walking,5,walking,True,context
18,30,3,walking,5,fainting,False,context
18,30,4,walking,5,fainting,False,context
18,30,5,walking,5,fainting,False,context
18,31,1,running,5,running,True,context
18,31,2,running,5,fainting,False,context
18,31,3,running,5,fainting,False,context
18,31,4,running,5,fainting,False,context
18,31,5,running,5,fainting,False,context
18,32,1,walking,5,fainting,False,context
18,32,2,walking,5,fainting,False,context
18,32,3,walking,5,fainting,False,context
18,32,4,walking,5,fainting,False,context
18,32,5,walking,5,fainting,False,context
18,33,1,walking,5,sitting,False,context
18,33,2,walking,5,walking,True,context
18,33,3,walking,5,walking,True,context
18,33,4,walking,5,walking,True,context
18,33,5,walking,5,sitting,False,context
18,34,1,walking,5,sitting,False,context
18,34,2,walking,5,sitting,False,context
18,34,3,walking,5,sitting,False,context
18,34,4,walking,5,walking,True,context
18,34,5,walking,5,sitting,False,context
19,20,1,sitting,5,walking,False,context
19,20,2,sitting,5,standing,False,context
19,20,3,sitting,5,standing,False,context
19,20,4,sitting,5,sitting,True,context
19,20,5,sitting,5,walking,False,context
19,21,1,sitting,5,sitting,True,context
19,21,2,sitting,5,sitting,True,context
19,21,3,sitting,5,sitting,True,context
19,21,4,sitting,5,sitting,True,context
19,21,5,sitting,5,sitting,True,context
19,22,1,sitting,5,sitting,True,context
19,22,2,sitting,5,sitting,True,context
19,22,4,sitting,5,walking,False,context
19,22,5,sitting,5,standing,False,context
19,23,1,standing,5,standing,True,context
19,23,2,standing,5,standing,True,context
19,23,3,standing,5,sitting,False,context
19,23,4,standing,5,standing,True,context
19,23,5,standing,5,sitting,False,context
19,24,1,standing,5,standing,True,context
19,24,2,standing,5,sitting,False,context
19,24,3,standing,5,sitting,False,context
19,24,4,standing,5,sitting,False,context
19,24,5,standing,5,standing,True,context
19,25,1,fainting,5,fainting,True,context
19,25,2,fainting,5,fainting,True,context
19,25,3,fainting,5,fainting,True,context
19,25,4,fainting,5,fainting,True,context
19,25,5,fainting,5,sitting,False,context
19,26,1,fainting,5,fainting,True,context
19,26,2,fainting,5,walking,False,context
19,26,3,fainting,5,fainting,True,context
19,26,4,fainting,5,sitting,False,context
19,26,5,fainting,5,fainting,True,context
19,27,1,fainting,5,fainting,True,context
19,27,2,fainting,5,sitting,False,context
19,27,3,fainting,5,sitting,False,context
19,27,4,fainting,5,sitting,False,context
19,27,5,fainting,5,sitting,False,context
19,28,1,fainting,5,walking,False,context
19,28,2,fainting,5,walking,False,context
19,28,3,fainting,5,walking,False,context
19,28,4,fainting,5,walking,False,context
19,28,5,fainting,5,walking,False,context
19,29,1,fainting,5,sitting,False,context
19,29,2,fainting,5,fainting,True,context
19,29,3,fainting,5,standing,False,context
19,29,4,fainting,5,sitting,False,context
19,29,5,fainting,5,walking,False,context
19,30,1,walking,5,walking,True,context
19,30,2,walking,5,walking,True,context
19,30,3,walking,5,walking,True,context
19,30,4,walking,5,running,False,context
19,30,5,walking,5,running,False,context
19,31,2,running,5,running,True,context
19,31,3,running,5,running,True,context
19,32,1,walking,5,walking,True,context
19,32,2,walking,5,fainting,False,context
19,32,3,walking,5,walking,True,context
19,32,4,walking,5,walking,True,context
19,32,5,walking,5,walking,True,context
19,33,1,walking,5,fainting,False,context
19,33,2,walking,5,sitting,False,context
19,33,3,walking,5,fainting,False,context
19,33,4,walking,5,fainting,False,context
19,33,5,walking,5,fainting,False,context
19,34,1,walking,5,walking,True,context
19,34,2,walking,5,walking,True,context
19,34,3,walking,5,walking,True,context
19,34,4,walking,5,walking,True,context
19,34,5,walking,5,walking,True,context
28,20,1,sitting,5,sitting,True,context
28,20,2,sitting,5,fainting,False,context
28,20,3,sitting,5,fainting,False,context
28,20,4,sitting,5,fainting,False,context
28,20,5,sitting,5,sitting,True,context
28,21,1,sitting,5,sitting,True,context
28,21,2,sitting,5,sitting,True,context
28,21,3,sitting,5,sitting,True,context
28,21,4,sitting,5,sitting,True,context
28,21,5,sitting,5,sitting,True,context
28,22,1,sitting,5,fainting,False,context
28,22,2,sitting,5,sitting,True,context
28,22,3,sitting,5,fainting,False,context
28,22,4,sitting,5,fainting,False,context
28,22,5,sitting,5,sitting,True,context
28,23,1,standing,5,sitting,False,context
28,23,2,standing,5,sitting,False,context
28,23,4,standing,5,sitting,False,context
28,23,5,standing,5,sitting,False,context
28,24,1,standing,5,fainting,False,context
28,24,2,standing,5,fainting,False,context
28,24,3,standing,5,fainting,False,context
28,24,4,standing,5,standing,True,context
28,24,5,standing,5,standing,True,context
28,25,1,fainting,5,fainting,True,context
28,25,2,fainting,5,fainting,True,context
28,25,3,fainting,5,sitting,False,context
28,25,4,fainting,5,sitting,False,context
28,25,5,fainting,5,fainting,True,context
28,26,1,fainting,5,fainting,True,context
28,26,2,fainting,5,fainting,True,context
28,26,3,fainting,5,fainting,True,context
28,26,4,fainting,5,fainting,True,context
28,26,5,fainting,5,fainting,True,context
28,27,1,fainting,5,fainting,True,context
28,27,2,fainting,5,fainting,True,context
28,27,3,fainting,5,fainting,True,context
28,27,4,fainting,5,fainting,True,context
28,27,5,fainting,5,fainting,True,context
28,28,1,fainting,5,fainting,True,context
28,28,2,fainting,5,fainting,True,context
28,28,3,fainting,5,fainting,True,context
28,28,5,fainting,5,fainting,True,context
28,29,1,fainting,5,standing,False,context
28,29,2,fainting,5,standing,False,context
28,29,3,fainting,5,standing,False,context
28,29,5,fainting,5,standing,False,context
28,30,1,walking,5,walking,True,context
28,30,2,walking,5,walking,True,context
28,30,3,walking,5,walking,True,context
28,30,4,walking,5,walking,True,context
28,30,5,walking,5,walking,True,context
28,31,1,running,5,fainting,False,context
28,31,2,running,5,walking,False,context
28,31,3,running,5,fainting,False,context
28,31,4,running,5,running,True,context
28,32,1,walking,5,walking,True,context
28,32,2,walking,5,walking,True,context
28,32,3,walking,5,walking,True,context
28,32,4,walking,5,walking,True,context
28,32,5,walking,5,walking,True,context
28,33,2,walking,5,standing,False,context
28,33,3,walking,5,standing,False,context
28,33,4,walking,5,standing,False,context
28,33,5,walking,5,walking,True,context
28,34,1,walking,5,walking,True,context
28,34,2,walking,5,walking,True,context
28,34,3,walking,5,walking,True,context
28,34,4,walking,5,walking,True,context
28,34,5,walking,5,walking,True,context
30,20,1,sitting,5,sitting,True,context
30,20,2,sitting,5,sitting,True,context
30,20,3,sitting,5,sitting,True,context
30,20,4,sitting,5,sitting,True,context
30,20,5,sitting,5,sitting,True,context
30,21,1,sitting,5,sitting,True,context
30,21,2,sitting,5,sitting,True,context
30,21,3,sitting,5,sitting,True,context
30,21,4,sitting,5,sitting,True,context
30,21,5,sitting,5,sitting,True,context
30,22,1,sitting,5,standing,False,context
30,22,2,sitting,5,fainting,False,context
30,22,3,sitting,5,walking,False,context
30,22,4,sitting,5,standing,False,context
30,22,5,sitting,5,sitting,True,context
30,23,1,standing,5,standing,True,context
30,23,2,standing,5,standing,True,context
30,23,3,standing,5,standing,True,context
30,23,4,standing,5,standing,True,context
30,23,5,standing,5,standing,True,context
30,24,1,standing,5,standing,True,context
30,24,2,standing,5,standing,True,context
30,24,3,standing,5,standing,True,context
30,24,4,standing,5,standing,True,context
30,24,5,standing,5,standing,True,context
30,25,1,fainting,5,fainting,True,context
30,25,2,fainting,5,fainting,True,context
30,25,3,fainting,5,fainting,True,context
30,25,4,fainting,5,fainting,True,context
30,25,5,fainting,5,fainting,True,context
30,26,1,fainting,5,fainting,True,context
30,26,2,fainting,5,fainting,True,context
30,26,3,fainting,5,fainting,True,context
30,26,4,fainting,5,fainting,True,context
30,26,5,fainting,5,fainting,True,context
30,27,1,fainting,5,fainting,True,context
30,27,2,fainting,5,fainting,True,context
30,27,3,fainting,5,fainting,True,context
30,27,4,fainting,5,fainting,True,context
30,27,5,fainting,5,fainting,True,context
30,28,1,fainting,5,fainting,True,context
30,28,2,fainting,5,fainting,True,context
30,28,3,fainting,5,fainting,True,context
30,28,4,fainting,5,fainting,True,context
30,28,5,fainting,5,fainting,True,context
30,29,1,fainting,5,fainting,True,context
30,29,2,fainting,5,fainting,True,context
30,29,3,fainting,5,fainting,True,context
30,29,5,fainting,5,fainting,True,context
30,30,1,walking,5,walking,True,context
30,30,2,walking,5,walking,True,context
30,30,3,walking,5,walking,True,context
30,30,4,walking,5,walking,True,context
30,30,5,walking,5,walking,True,context
30,31,1,running,5,walking,False,context
30,31,2,running,5,running,True,context
30,31,3,running,5,running,True,context
30,31,4,running,5,running,True,context
30,31,5,running,5,running,True,context
30,32,1,walking,5,walking,True,context
30,32,2,walking,5,walking,True,context
30,32,3,walking,5,walking,True,context
30,32,4,walking,5,running,False,context
30,32,5,walking,5,walking,True,context
30,33,1,walking,5,walking,True,context
30,33,2,walking,5,walking,True,context
30,33,3,walking,5,standing,False,context
30,33,4,walking,5,walking,True,context
30,33,5,walking,5,standing,False,context
30,34,1,walking,5,walking,True,context
30,34,2,walking,5,walking,True,context
30,34,3,walking,5,walking,True,context
30,34,4,walking,5,walking,True,context
30,34,5,walking,5,walking,True,context
35,20,1,sitting,5,fainting,False,context
35,20,2,sitting,5,sitting,True,context
35,20,3,sitting,5,fainting,False,context
35,20,4,sitting,5,standing,False,context
35,20,5,sitting,5,standing,False,context
35,21,1,sitting,5,sitting,True,context
35,21,2,sitting,5,sitting,True,context
35,21,3,sitting,5,sitting,True,context
35,21,4,sitting,5,walking,False,context
35,21,5,sitting,5,walking,False,context
35,22,1,sitting,5,walking,False,context
35,22,2,sitting,5,walking,False,context
35,22,3,sitting,5,sitting,True,context
35,22,4,sitting,5,sitting,True,context
35,22,5,sitting,5,sitting,True,context
35,23,1,standing,5,standing,True,context
35,23,2,standing,5,fainting,False,context
35,23,3,standing,5,fainting,False,context
35,23,4,standing,5,standing,True,context
35,23,5,standing,5,fainting,False,context
35,24,1,standing,5,sitting,False,context
35,24,2,standing,5,standing,True,context
35,24,3,standing,5,sitting,False,context
35,24,4,standing,5,standing,True,context
35,24,5,standing,5,standing,True,context
35,25,1,fainting,5,fainting,True,context
35,25,2,fainting,5,fainting,True,context
35,25,3,fainting,5,fainting,True,context
35,25,4,fainting,5,fainting,True,context
35,25,5,fainting,5,fainting,True,context
35,26,1,fainting,5,sitting,False,context
35,26,2,fainting,5,fainting,True,context
35,26,3,fainting,5,fainting,True,context
35,26,4,fainting,5,fainting,True,context
35,26,5,fainting,5,sitting,False,context
35,27,1,fainting,5,fainting,True,context
35,27,2,fainting,5,fainting,True,context
35,27,3,fainting,5,fainting,True,context
35,27,4,fainting,5,fainting,True,context
35,27,5,fainting,5,fainting,True,context
35,28,1,fainting,5,walking,False,context
35,28,2,fainting,5,walking,False,context
35,28,3,fainting,5,walking,False,context
35,28,4,fainting,5,fainting,True,context
35,28,5,fainting,5,fainting,True,context
35,29,1,fainting,5,walking,False,context
35,29,2,fainting,5,walking,False,context
35,29,3,fainting,5,fainting,True,context
35,29,4,fainting,5,fainting,True,context
35,29,5,fainting,5,fainting,True,context
35,30,1,walking,5,walking,True,context
35,30,2,walking,5,walking,True,context
35,30,3,walking,5,walking,True,context
35,30,4,walking,5,walking,True,context
35,30,5,walking,5,walking,True,context
35,31,1,running,5,walking,False,context
35,31,2,running,5,running,True,context
35,31,3,running,5,running,True,context
35,31,4,running,5,running,True,context
35,31,5,running,5,walking,False,context
35,32,1,walking,5,walking,True,context
35,32,2,walking,5,walking,True,context
35,32,3,walking,5,walking,True,context
35,32,4,walking,5,walking,True,context
35,32,5,walking,5,walking,True,context
35,33,1,walking,5,walking,True,context
35,33,2,walking,5,walking,True,context
35,33,3,walking,5,walking,True,context
35,33,4,walking,5,standing,False,context
35,33,5,walking,5,fainting,False,context
35,34,1,walking,5,walking,True,context
35,34,2,walking,5,walking,True,context
35,34,4,walking,5,walking,True,context
35,34,5,walking,5,walking,True,context
